DATE,TIME,EPOCH_TIME,CH4,CO2,H2O,N2O,NH3
30/11/2023,22:31:31,1701412352,1.841509,411.883362,1.805266,0.322982,0.976471
30/11/2023,23:31:30,1701415936,1.845018,412.148102,1.77361,0.323543,0.942923
1/12/2023,0:31:33,1701419520,1.879698,411.859344,1.748525,0.324607,0.913061
1/12/2023,1:31:33,1701423104,1.941894,415.434784,1.735431,0.324886,0.8806
1/12/2023,2:31:32,1701426688,1.993815,423.544769,1.734998,0.324696,0.863133
1/12/2023,3:31:32,1701430272,2.04875,439.775269,1.760626,0.324267,0.869927
1/12/2023,4:31:33,1701433856,2.278127,433.096741,1.74953,0.324322,0.855643
1/12/2023,5:31:33,1701437440,2.396494,418.927551,1.752789,0.323648,0.862718
1/12/2023,6:31:36,1701441152,2.368642,422.141479,1.75142,0.324028,0.850977
1/12/2023,7:31:33,1701444736,2.162028,420.832001,1.779744,0.323976,0.850257
1/12/2023,8:31:35,1701448320,2.068401,417.116394,1.769874,0.323518,0.850869
1/12/2023,9:31:34,1701451904,2.065134,414.445312,1.79038,0.324175,0.846939
1/12/2023,10:31:35,1701455488,1.984709,412.137024,1.759639,0.323871,0.833502
1/12/2023,11:31:37,1701459072,1.924057,411.49472,1.719197,0.324129,0.903403
1/12/2023,12:31:36,1701462656,1.88348,408.027374,1.884631,0.323047,0.99116
1/12/2023,13:31:36,1701466240,1.863991,406.391632,1.90506,0.322544,1.057645
1/12/2023,14:31:36,1701469952,1.835461,405.527832,1.921043,0.323032,1.090706
1/12/2023,15:31:36,1701473536,1.818671,404.606293,1.955418,0.322221,1.111181
1/12/2023,16:31:35,1701477120,1.809986,404.129517,1.994647,0.322693,1.101291
1/12/2023,17:31:37,1701480704,1.811123,405.427643,1.959963,0.322439,1.025844
1/12/2023,18:31:38,1701484288,1.819761,406.600006,1.894685,0.322459,1.017822
1/12/2023,19:31:37,1701487872,1.838856,410.517242,1.71083,0.323571,0.999121
1/12/2023,20:31:39,1701491456,1.902182,417.168854,1.765896,0.323836,0.922316
1/12/2023,21:31:40,1701495040,1.903707,421.544098,1.719343,0.323968,0.927081
1/12/2023,22:31:38,1701498752,1.91111,432.039185,1.709372,0.324667,0.89715
1/12/2023,23:31:43,1701502336,2.026762,444.429413,1.697041,0.326822,0.906355
2/12/2023,0:31:40,1701505920,1.992736,436.799255,1.692909,0.326273,0.917671
2/12/2023,1:31:41,1701509504,2.023798,445.325897,1.645371,0.327102,0.897462
2/12/2023,2:31:41,1701513088,2.120768,453.399139,1.628785,0.329253,0.886356
2/12/2023,3:31:42,1701516672,2.219131,453.703888,1.632383,0.3379,0.884994
2/12/2023,4:31:42,1701520256,2.273978,456.643463,1.705436,0.332416,0.897935
2/12/2023,5:31:42,1701523840,2.114294,433.626587,1.847546,0.32588,0.884608
2/12/2023,6:31:43,1701527552,1.967836,421.82312,1.767761,0.324814,0.845338
2/12/2023,7:31:42,1701531136,1.90329,418.545197,1.485304,0.326221,0.807294
2/12/2023,8:31:46,1701534720,1.882849,418.170715,1.271154,0.32754,0.867696
2/12/2023,9:31:44,1701538304,1.898034,415.10437,1.271514,0.327251,1.054186
2/12/2023,10:31:45,1701541888,1.935519,414.399719,1.570783,0.325214,1.142016
2/12/2023,11:31:45,1701545472,1.84192,412.144104,1.503699,0.324997,1.117251
2/12/2023,12:31:45,1701549056,1.825985,410.143677,1.592644,0.323972,1.178051
2/12/2023,13:31:45,1701552768,1.819213,409.383118,1.616644,0.324393,1.188285
2/12/2023,14:31:45,1701556352,1.815184,405.757141,1.551283,0.324527,1.215755
2/12/2023,15:31:41,1701559936,1.809919,404.268372,1.67241,0.323987,1.209145
2/12/2023,16:31:46,1701563520,1.80834,403.871948,1.762952,0.32249,1.221354
2/12/2023,17:31:47,1701567104,1.811708,404.713867,1.68224,0.323086,1.081384
2/12/2023,18:31:48,1701570688,1.816749,405.718018,1.701974,0.322885,1.000641
2/12/2023,19:31:48,1701574272,1.820878,406.648163,1.630259,0.323262,0.939788
2/12/2023,20:31:47,1701577856,1.821127,407.023895,1.563411,0.323836,0.933037
2/12/2023,21:31:51,1701581568,1.835336,410.161713,1.511681,0.324289,0.912995
2/12/2023,22:31:48,1701585152,1.886463,415.964752,1.585094,0.324232,0.915048
2/12/2023,23:31:49,1701588736,1.891903,417.915405,1.674857,0.323735,0.875199
3/12/2023,0:31:52,1701592320,2.018209,420.170135,1.697562,0.323173,0.860322
3/12/2023,1:31:51,1701595904,1.874369,411.885162,1.760606,0.322807,0.841551
3/12/2023,2:31:50,1701599488,2.100024,417.056824,1.750638,0.322565,0.812844
3/12/2023,3:31:54,1701603072,2.139841,421.018951,1.742164,0.323549,0.779763
3/12/2023,4:31:52,1701606656,2.094136,422.458893,1.710728,0.323472,0.751697
3/12/2023,5:31:51,1701610368,2.028803,418.492645,1.671467,0.323514,0.743447
3/12/2023,6:31:53,1701613952,1.966876,419.086792,1.663694,0.324063,0.727291
3/12/2023,7:31:55,1701617536,1.99577,416.409271,1.592843,0.324466,0.712324
3/12/2023,8:31:53,1701621120,1.930798,414.311676,1.529005,0.324405,0.69039
3/12/2023,9:31:56,1701624704,1.916553,414.389587,1.526624,0.324513,0.724594
3/12/2023,10:31:54,1701628288,1.882277,411.981354,1.554726,0.324259,0.770931
3/12/2023,11:31:55,1701631872,1.865453,410.328247,1.535409,0.324755,0.881151
3/12/2023,12:31:54,1701635456,1.832745,406.937683,1.515477,0.324652,1.007785
3/12/2023,13:31:56,1701639168,1.821889,405.361237,1.526413,0.324093,1.130542
3/12/2023,14:31:54,1701642752,1.816117,404.787476,1.490935,0.324607,1.235696
3/12/2023,15:31:55,1701646336,1.813894,404.984772,1.462947,0.324742,1.266675
3/12/2023,16:31:57,1701649920,1.812054,405.505096,1.465667,0.324488,1.342425
3/12/2023,17:31:56,1701653504,1.811549,406.021179,1.498239,0.32444,1.307582
3/12/2023,18:31:57,1701657088,1.811494,406.848267,1.507478,0.324177,1.173414
3/12/2023,19:31:57,1701660672,1.813809,409.190308,1.525295,0.324112,1.038312
3/12/2023,20:31:59,1701664256,1.825469,414.604584,1.547776,0.324937,1.029784
3/12/2023,21:31:59,1701667968,1.85673,422.178162,1.566091,0.324887,0.991807
3/12/2023,22:31:59,1701671552,1.891504,428.412292,1.577113,0.324666,0.957379
3/12/2023,23:32:01,1701675136,1.860978,433.809296,1.584279,0.325157,0.932827
4/12/2023,0:32:02,1701678720,1.858004,429.659851,1.601134,0.326047,0.901306
4/12/2023,1:32:01,1701682304,1.868307,430.720032,1.606363,0.326443,0.862264
4/12/2023,2:32:01,1701685888,1.86804,438.5383,1.592434,0.327148,0.84401
4/12/2023,3:32:04,1701689472,1.996584,449.173126,1.599333,0.325988,0.819652
4/12/2023,4:32:01,1701693184,2.153704,456.195496,1.615434,0.326809,0.815732
4/12/2023,5:32:03,1701696768,2.003729,437.286774,1.626641,0.32514,0.803121
4/12/2023,6:32:03,1701700352,1.942449,433.901947,1.637742,0.324758,0.76717
4/12/2023,7:32:01,1701703936,1.870463,419.95462,1.611134,0.32466,0.740353
4/12/2023,8:32:04,1701707520,1.843569,410.591797,1.48823,0.325346,0.761675
4/12/2023,9:32:02,1701711104,1.841003,410.864838,1.382211,0.325752,0.874616
4/12/2023,10:32:04,1701714688,1.836486,410.310699,1.246433,0.326744,1.043543
4/12/2023,11:32:03,1701718272,1.859027,409.013763,1.481478,0.325244,1.320819
4/12/2023,12:32:06,1701721984,1.855755,406.454376,1.867664,0.323011,1.136787
4/12/2023,13:32:02,1701725568,1.859556,408.478424,1.9408,0.322321,1.036268
4/12/2023,14:32:04,1701729152,1.844475,407.81424,1.970645,0.322291,1.025337
4/12/2023,15:32:06,1701732736,1.849917,407.903046,1.93145,0.322932,0.999443
4/12/2023,16:32:06,1701736320,1.850033,409.677124,1.939508,0.322637,0.960288
4/12/2023,17:32:06,1701739904,1.854747,413.349274,1.93482,0.322975,0.838376
4/12/2023,18:32:08,1701743488,1.855908,418.034607,1.919531,0.322427,0.785733
4/12/2023,19:32:06,1701747072,1.856624,421.796509,1.893174,0.322531,0.721319
4/12/2023,20:32:08,1701750784,1.880334,430.0466,1.913722,0.322575,0.693579
4/12/2023,21:32:10,1701754368,1.938711,445.84436,1.95553,0.323262,0.686835
4/12/2023,22:32:10,1701757952,2.056376,461.864685,1.979938,0.324206,0.682436
4/12/2023,23:32:08,1701761536,2.188047,469.90918,1.983531,0.324972,0.683342
5/12/2023,0:32:09,1701765120,2.097386,457.13089,1.926283,0.324192,0.686402
5/12/2023,1:32:08,1701768704,2.088284,441.244171,1.939381,0.323754,0.653957
5/12/2023,2:32:11,1701772288,1.872908,417.228271,2.008419,0.322212,0.628013
5/12/2023,3:32:11,1701775872,1.852285,414.263611,1.547593,0.324846,0.603287
5/12/2023,4:32:12,1701779584,1.83496,409.012665,1.50711,0.324396,0.679043
5/12/2023,5:32:13,1701783168,1.830038,406.431213,1.553442,0.324059,0.663426
5/12/2023,6:32:13,1701786752,1.828412,405.789215,1.558525,0.323694,0.660102
5/12/2023,7:32:13,1701790336,1.824816,406.467957,1.579066,0.323609,0.654403
5/12/2023,8:32:16,1701793920,1.817788,405.234863,1.624108,0.323204,0.740966
5/12/2023,9:32:16,1701797504,1.812621,403.639191,1.673096,0.322966,0.840776
5/12/2023,10:32:16,1701801088,1.809174,412.308014,1.610369,0.323623,0.961138
5/12/2023,11:32:17,1701804800,1.806528,419.191528,1.616831,0.323222,1.067303
5/12/2023,12:32:15,1701808384,1.805029,413.940063,1.612366,0.323438,1.107401
5/12/2023,13:32:17,1701811968,1.802916,410.060028,1.662451,0.323195,1.179132
5/12/2023,14:32:19,1701815552,1.80373,410.032501,1.677482,0.3228,1.254406
5/12/2023,15:32:17,1701819136,1.805532,409.366516,1.701976,0.323,1.271317
5/12/2023,16:32:17,1701822720,1.805622,407.853058,1.729062,0.322582,1.23742
5/12/2023,17:32:18,1701826304,1.803126,407.863525,1.706265,0.322633,1.103051
5/12/2023,18:32:18,1701829888,1.806437,408.742218,1.687699,0.322706,1.088967
5/12/2023,19:32:19,1701833600,1.809133,408.795807,1.690509,0.322639,1.010241
5/12/2023,20:32:21,1701837184,1.816593,413.460846,1.723209,0.323212,0.931791
5/12/2023,21:32:21,1701840768,1.826898,423.482971,1.740297,0.323054,0.900329
5/12/2023,22:32:20,1701844352,1.857549,426.195831,1.754521,0.322947,0.877231
5/12/2023,23:32:21,1701847936,1.873613,435.096863,1.748179,0.32465,0.842058
6/12/2023,0:32:24,1701851520,1.886799,435.001678,1.746514,0.325224,0.816543
6/12/2023,1:32:24,1701855104,1.885048,424.78772,1.749982,0.32532,0.797562
6/12/2023,2:32:22,1701858688,1.895516,427.043274,1.758628,0.324338,0.754587
6/12/2023,3:32:24,1701862400,1.913461,432.984894,1.764053,0.324045,0.71709
6/12/2023,4:32:27,1701865984,1.943974,432.228149,1.786548,0.32401,0.709412
6/12/2023,5:32:25,1701869568,1.849827,421.018127,1.823942,0.323517,0.705396
6/12/2023,6:32:24,1701873152,1.847334,553.975708,1.63127,0.32588,0.688112
6/12/2023,7:32:26,1701876736,1.854731,940.537415,1.28512,0.333049,0.85173
6/12/2023,8:32:26,1701880320,1.831277,460.697937,1.806948,0.322404,1.028507
6/12/2023,9:32:28,1701883904,1.833409,447.031342,1.780123,0.322762,0.9195
6/12/2023,10:32:26,1701887488,1.842604,435.411102,1.970745,0.32208,0.898289
6/12/2023,11:32:26,1701891200,1.841822,426.009949,1.953405,0.321551,0.901194
6/12/2023,12:32:26,1701894784,1.849299,418.822327,1.86102,0.322202,0.873981
6/12/2023,13:32:29,1701898368,1.827818,413.330658,1.82489,0.322425,0.897413
6/12/2023,14:32:25,1701901952,1.817569,409.101379,1.859013,0.322417,0.88556
6/12/2023,15:32:29,1701905536,1.806813,406.774902,1.948695,0.321844,0.903689
6/12/2023,16:32:30,1701909120,1.811316,406.299774,1.928135,0.321814,0.887378
6/12/2023,17:32:29,1701912704,1.801425,406.523804,1.897129,0.322072,0.867792
6/12/2023,18:32:29,1701916288,1.804484,407.634491,1.897886,0.321569,0.855064
6/12/2023,19:32:30,1701920000,1.80276,407.284027,1.921344,0.322289,0.849822
6/12/2023,20:32:31,1701923584,1.804443,409.707428,1.929458,0.322419,0.818766
6/12/2023,21:32:30,1701927168,1.807667,411.928955,1.939855,0.322218,0.749181
6/12/2023,22:32:31,1701930752,1.812755,410.476685,2.004014,0.32208,0.711295
6/12/2023,23:32:31,1701934336,1.814462,411.752747,1.988359,0.323481,0.66908
7/12/2023,0:32:33,1701937920,1.834552,414.088501,1.982401,0.322506,0.669595
7/12/2023,1:32:33,1701941504,1.91829,420.681976,1.981518,0.322207,0.644373
7/12/2023,2:32:33,1701945216,1.945295,433.160675,1.973294,0.323029,0.626946
7/12/2023,3:32:34,1701948800,2.016267,442.078583,1.981679,0.323406,0.619498
7/12/2023,4:32:34,1701952384,2.028475,439.093231,2.000524,0.323141,0.611738
7/12/2023,5:32:34,1701955968,1.892699,427.687958,1.993312,0.321716,0.616297
7/12/2023,6:32:35,1701959552,1.872029,425.050049,1.970536,0.322604,0.58908
7/12/2023,7:32:33,1701963136,1.876519,424.157562,1.900044,0.322803,0.562797
7/12/2023,8:32:33,1701966720,1.85011,417.811829,1.700525,0.323728,0.648386
7/12/2023,9:32:34,1701970304,1.836254,412.331909,1.402689,0.324766,0.779192
7/12/2023,10:32:35,1701974016,1.83027,409.107819,1.31201,0.325362,1.000671
7/12/2023,11:32:35,1701977600,1.847901,409.981476,1.947358,0.322052,1.041102
7/12/2023,12:32:36,1701981184,1.840105,408.706055,2.120765,0.322078,0.917651
7/12/2023,13:32:37,1701984768,1.838501,407.765259,2.207088,0.321713,0.964472
7/12/2023,14:32:36,1701988352,1.831759,405.253357,2.187103,0.321436,1.037257
7/12/2023,15:32:36,1701991936,1.819206,405.364532,2.09452,0.321513,1.092588
7/12/2023,16:32:39,1701995520,1.810943,405.417267,2.067539,0.321763,1.120768
7/12/2023,17:32:39,1701999104,1.815562,407.818634,1.865337,0.32252,1.087492
7/12/2023,18:32:39,1702002816,1.823977,409.342773,1.815554,0.323053,1.034896
7/12/2023,19:32:40,1702006400,1.8308,415.556763,1.835219,0.322986,0.975441
7/12/2023,20:32:42,1702009984,1.851175,426.613831,1.910094,0.322653,0.913
7/12/2023,21:32:39,1702013568,1.893772,427.241028,2.02933,0.323203,0.839958
7/12/2023,22:32:41,1702017152,1.910249,427.805664,2.084493,0.322389,0.826089
7/12/2023,23:32:40,1702020736,1.995245,431.52536,2.10559,0.323447,0.82218
8/12/2023,0:32:40,1702024320,1.994756,430.898895,2.098366,0.323925,0.817831
8/12/2023,1:32:39,1702027904,1.943987,439.749817,2.160812,0.323524,0.777455
8/12/2023,2:32:43,1702031616,2.016274,442.210876,2.176752,0.323778,0.749715
8/12/2023,3:32:41,1702035200,2.195239,452.452759,2.166655,0.324336,0.710876
8/12/2023,4:32:40,1702038784,2.175754,456.391022,2.166334,0.3255,0.703157
8/12/2023,5:32:42,1702042368,2.423967,450.161072,2.050816,0.325841,0.695881
8/12/2023,6:32:45,1702045952,2.116849,435.587524,1.984969,0.324526,0.702224
8/12/2023,7:32:42,1702049536,1.941847,423.534119,1.882989,0.323953,0.784258
8/12/2023,8:32:45,1702053120,1.857739,416.564148,1.786856,0.323448,0.884415
8/12/2023,9:32:44,1702056704,1.84397,412.335236,1.746759,0.323615,1.005234
8/12/2023,10:32:45,1702060416,1.835946,408.701965,1.494472,0.324857,1.272583
8/12/2023,11:32:44,1702064000,1.829848,407.904053,1.424006,0.325348,1.7729
8/12/2023,12:32:46,1702067584,1.830288,408.933746,1.324211,0.326148,2.152475
8/12/2023,13:32:45,1702071168,1.838711,411.014282,1.59851,0.324636,2.23901
8/12/2023,14:32:45,1702074752,1.849798,413.623016,1.947094,0.323724,1.751115
8/12/2023,15:32:46,1702078336,1.838868,412.817474,1.663578,0.324258,1.429535
8/12/2023,16:32:46,1702081920,1.835974,412.928314,1.553132,0.324702,1.485592
8/12/2023,17:32:47,1702085504,1.82966,409.795135,2.011007,0.321854,1.570405
8/12/2023,18:32:46,1702089216,1.809493,405.07309,2.239014,0.321217,1.457107
8/12/2023,19:32:48,1702092800,1.805219,404.385437,2.221304,0.321446,1.38236
8/12/2023,20:32:47,1702096384,1.812869,405.28363,2.200974,0.321073,1.266007
8/12/2023,21:32:49,1702099968,1.814245,404.753448,2.126259,0.321067,1.209547
8/12/2023,22:32:47,1702103552,1.818377,404.619568,2.037775,0.321776,1.183828
8/12/2023,23:32:47,1702107136,1.818758,404.423065,2.005233,0.321118,1.190329
9/12/2023,0:32:48,1702110720,1.820668,404.437683,1.999056,0.321474,1.185022
9/12/2023,1:32:50,1702114432,1.8204,404.194794,2.00717,0.321389,1.181199
9/12/2023,2:32:48,1702118016,1.82219,404.749542,1.99054,0.321797,1.158784
9/12/2023,3:32:49,1702121600,1.823696,405.112305,2.034597,0.320966,1.136112
9/12/2023,4:32:50,1702125184,1.82739,405.601837,2.040394,0.321557,1.076229
9/12/2023,5:32:51,1702128768,1.829868,405.917328,2.059273,0.3216,0.983054
9/12/2023,6:32:50,1702132352,1.822057,404.655334,2.052734,0.321251,0.927271
9/12/2023,7:32:51,1702135936,1.820105,403.880768,2.070346,0.321317,0.892095
9/12/2023,8:32:52,1702139520,1.816228,402.676178,2.08917,0.321453,0.876342
9/12/2023,9:32:51,1702143232,1.816738,402.050568,2.131739,0.321433,0.870055
9/12/2023,10:32:53,1702146816,1.812572,401.729584,2.170356,0.320698,0.877811
9/12/2023,11:32:54,1702150400,1.802567,400.129822,2.203587,0.32097,0.927346
9/12/2023,12:32:53,1702153984,1.799381,400.166046,2.207644,0.321204,1.016206
9/12/2023,13:32:54,1702157568,1.798678,400.561981,2.172397,0.321499,1.033481
9/12/2023,14:32:52,1702161152,1.798651,401.464417,2.161224,0.321095,1.091805
9/12/2023,15:32:51,1702164736,1.800727,401.917816,2.18796,0.320911,1.156266
9/12/2023,16:32:56,1702168320,1.811622,405.034149,2.181705,0.321234,1.187366
9/12/2023,17:32:52,1702172032,1.820557,407.768829,2.191848,0.320598,1.196563
9/12/2023,18:32:53,1702175616,1.8075,406.673157,2.149872,0.321228,1.185547
9/12/2023,19:32:55,1702179200,1.799063,405.453766,2.156634,0.320881,1.178674
9/12/2023,20:32:56,1702182784,1.801615,406.031555,2.171613,0.321104,1.139229
9/12/2023,21:32:56,1702186368,1.801377,404.755646,2.148084,0.321882,1.07673
9/12/2023,22:32:55,1702189952,1.800109,404.416473,2.125255,0.321481,1.004811
9/12/2023,23:32:57,1702193536,1.801599,404.492981,2.106415,0.321416,0.960537
10/12/2023,0:32:57,1702197120,1.79968,404.884247,2.0772,0.321353,0.914971
10/12/2023,1:32:58,1702200832,1.800375,404.995331,2.064413,0.321769,0.862825
10/12/2023,2:32:58,1702204416,1.80992,405.603302,2.055339,0.321123,0.836757
10/12/2023,3:32:59,1702208000,1.811454,406.387177,2.037536,0.321838,0.797583
10/12/2023,4:33:00,1702211584,1.832625,408.125122,2.049073,0.321481,0.781025
10/12/2023,5:33:00,1702215168,1.828001,408.756866,2.062854,0.321614,0.75379
10/12/2023,6:32:57,1702218752,1.821622,409.100739,2.046004,0.321747,0.750586
10/12/2023,7:33:01,1702222336,1.820894,408.20871,2.046947,0.321213,0.75471
10/12/2023,8:33:00,1702225920,1.823597,408.178192,2.05259,0.321476,0.76406
10/12/2023,9:32:59,1702229632,1.828904,407.655762,2.080279,0.32189,0.814847
10/12/2023,10:33:03,1702233216,1.808358,403.787109,2.184161,0.321317,0.868885
10/12/2023,11:33:01,1702236800,1.806703,403.850708,2.220666,0.321015,0.899395
10/12/2023,12:33:01,1702240384,1.806317,404.180878,2.194366,0.321302,0.9388
10/12/2023,13:33:02,1702243968,1.798424,402.897217,2.170523,0.321181,0.957162
10/12/2023,14:33:01,1702247552,1.795895,403.06424,2.142066,0.321006,0.981811
10/12/2023,15:33:05,1702251136,1.796473,404.430359,2.11791,0.32142,0.941503
10/12/2023,16:33:04,1702254720,1.800061,407.016418,2.078054,0.321251,0.945777
10/12/2023,17:33:03,1702258432,1.803375,407.419281,2.071472,0.320925,0.878887
10/12/2023,18:33:03,1702262016,1.799638,404.492035,2.161805,0.321217,0.847854
10/12/2023,19:33:04,1702265600,1.803935,405.800293,2.243634,0.320905,0.831786
10/12/2023,20:33:06,1702269184,1.814077,406.625336,2.289497,0.320218,0.816984
10/12/2023,21:33:06,1702272768,1.81236,404.993988,2.297836,0.320201,0.797996
10/12/2023,22:33:06,1702276352,1.809195,404.630768,2.321637,0.319883,0.759243
10/12/2023,23:33:05,1702279936,1.835398,406.290161,2.296268,0.319648,0.689185
11/12/2023,0:33:04,1702283520,1.821364,407.495483,2.314614,0.320317,0.628135
11/12/2023,1:33:09,1702287232,1.845898,410.208252,2.326363,0.320043,0.580228
11/12/2023,2:33:07,1702290816,1.885016,417.754242,2.313115,0.320635,0.556613
11/12/2023,3:33:06,1702294400,1.885412,419.841797,2.297105,0.320342,0.503718
11/12/2023,4:33:09,1702297984,1.863935,416.865234,2.238899,0.3211,0.512088
11/12/2023,5:33:10,1702301568,1.809797,405.892548,2.130588,0.32103,0.493685
11/12/2023,6:33:09,1702305152,1.80733,404.670044,2.026833,0.321053,0.464956
11/12/2023,7:33:09,1702308736,1.806686,403.43161,1.948393,0.321582,0.447317
11/12/2023,8:33:12,1702312448,1.810219,402.941254,1.901603,0.322093,0.475049
11/12/2023,9:33:10,1702316032,1.801867,402.669403,1.775652,0.322483,0.539391
11/12/2023,10:33:11,1702319616,1.801562,402.309631,1.741271,0.32249,0.722402
11/12/2023,11:33:11,1702323200,1.800779,402.111694,1.763647,0.32212,0.937899
11/12/2023,12:33:10,1702326784,1.801285,401.967804,1.731346,0.322501,1.141883
11/12/2023,13:33:14,1702330368,1.799379,401.306763,1.785998,0.322449,1.306904
11/12/2023,14:33:14,1702333952,1.797444,400.939972,1.849731,0.321601,1.340234
11/12/2023,15:33:14,1702337536,1.795543,401.506256,1.851928,0.321741,1.370421
11/12/2023,16:33:13,1702341248,1.793764,401.152618,2.023674,0.321386,1.341411
11/12/2023,17:33:14,1702344832,1.793588,402.002502,2.00663,0.321164,1.220989
11/12/2023,18:33:14,1702348416,1.792673,403.274536,2.007283,0.32097,1.153824
11/12/2023,19:33:14,1702352000,1.793542,404.530334,2.029078,0.321366,1.108291
11/12/2023,20:33:15,1702355584,1.795645,405.000153,2.045299,0.321446,1.076203
11/12/2023,21:33:16,1702359168,1.80416,408.703979,2.033106,0.321847,1.008059
11/12/2023,22:33:14,1702362752,1.804903,410.723694,2.047328,0.321707,0.950324
11/12/2023,23:33:18,1702366336,1.812066,416.886261,2.048649,0.322314,0.900567
12/12/2023,0:33:16,1702370048,1.819277,416.280884,2.051608,0.323189,0.871041
12/12/2023,1:33:16,1702373632,1.840121,428.739685,2.036594,0.323017,0.831873
12/12/2023,2:33:17,1702377216,1.850832,426.619568,2.054467,0.322137,0.799113
12/12/2023,3:33:17,1702380800,1.877621,427.487793,2.079822,0.32195,0.762394
12/12/2023,4:33:16,1702384384,1.863504,420.493744,2.103118,0.321763,0.742937
12/12/2023,5:33:19,1702387968,1.805131,406.326935,2.118428,0.320993,0.721064
12/12/2023,6:33:18,1702391552,1.80798,406.6922,2.024959,0.321723,0.66606
12/12/2023,7:33:19,1702395136,1.805962,403.683533,1.981827,0.32225,0.642975
12/12/2023,8:33:20,1702398848,1.800611,401.574707,1.956604,0.321287,0.651605
12/12/2023,9:33:21,1702402432,1.800507,401.099609,1.966937,0.321662,0.715965
12/12/2023,10:33:18,1702406016,1.798297,400.061035,2.070497,0.320953,0.836794
12/12/2023,11:32:15,1702409472,1.794629,422.350128,2.138802,0.318928,0.932065
12/12/2023,12:33:20,1702413184,1.794589,437.012604,2.205202,0.321303,1.158038
12/12/2023,13:33:21,1702416768,1.801895,425.122559,2.198121,0.320875,1.176996
12/12/2023,14:33:21,1702420352,1.812449,417.213074,2.142186,0.321272,1.176945
12/12/2023,15:33:21,1702424064,1.804926,412.227844,2.077258,0.321551,1.171486
12/12/2023,16:33:20,1702427648,1.801093,409.719116,2.028184,0.321334,1.148389
12/12/2023,17:33:22,1702431232,1.798445,407.895203,2.047384,0.321069,1.108106
12/12/2023,18:33:21,1702434816,1.807752,409.432465,2.035154,0.321811,1.01894
12/12/2023,19:33:22,1702438400,1.817179,415.341919,2.068616,0.32185,0.93145
12/12/2023,20:33:21,1702441984,1.86555,415.613647,2.245863,0.321458,0.879213
12/12/2023,21:33:22,1702445568,1.857743,412.835602,2.292215,0.320922,0.880754
12/12/2023,22:33:24,1702449152,1.852345,416.020996,2.299842,0.320656,0.845206
12/12/2023,23:33:23,1702452864,1.874552,417.216705,2.293277,0.321198,0.753408
13/12/2023,0:33:24,1702456448,1.875433,419.337646,2.242779,0.321364,0.691213
13/12/2023,1:33:23,1702460032,1.878898,423.901947,2.23669,0.321941,0.625919
13/12/2023,2:33:24,1702463616,1.918895,426.219269,2.278098,0.321158,0.571594
13/12/2023,3:33:26,1702467200,1.998595,440.89679,2.322385,0.322563,0.520567
13/12/2023,4:33:26,1702470784,2.144357,449.275604,2.375418,0.322941,0.492558
13/12/2023,5:33:27,1702474368,1.948398,436.30719,2.269692,0.322827,0.470861
13/12/2023,6:33:24,1702477952,1.88046,423.264404,2.119892,0.322405,0.482633
13/12/2023,7:33:25,1702481664,1.853428,415.189911,2.025301,0.322856,0.454441
13/12/2023,8:33:26,1702485248,1.830333,410.436676,1.898031,0.322897,0.434136
13/12/2023,9:33:27,1702488832,1.821471,406.695374,1.959613,0.32228,0.496909
13/12/2023,10:33:29,1702492416,1.818027,404.862915,1.857125,0.322521,0.594543
13/12/2023,11:33:27,1702496000,1.822584,407.623993,1.303161,0.326403,0.74982
13/12/2023,12:33:30,1702499584,1.82269,407.750702,1.269332,0.326737,1.13416
13/12/2023,13:33:30,1702503168,1.823207,408.570801,1.160848,0.327269,1.072105
13/12/2023,14:33:29,1702506752,1.821004,408.81369,1.116791,0.328138,1.194833
13/12/2023,15:33:31,1702510464,1.820394,409.328644,1.175306,0.327115,1.360839
13/12/2023,16:33:33,1702514048,1.820947,409.967896,1.22569,0.327069,1.448012
13/12/2023,17:33:30,1702517632,1.826329,411.737518,1.225132,0.32698,1.5508
13/12/2023,18:33:33,1702521216,1.858606,415.455566,1.359197,0.326213,1.65904
13/12/2023,19:33:31,1702524800,1.808346,405.611328,2.031536,0.321822,1.646692
13/12/2023,20:33:32,1702528384,1.804219,404.148743,2.036694,0.321996,1.449029
13/12/2023,21:33:33,1702531968,1.804478,404.248535,2.005335,0.321675,1.30825
13/12/2023,22:33:32,1702535552,1.808604,405.017975,1.984086,0.321611,1.27103
13/12/2023,23:33:34,1702539264,1.815384,406.00766,1.964699,0.321953,1.271901
14/12/2023,0:33:32,1702542848,1.817503,406.307098,1.950019,0.32228,1.270401
14/12/2023,1:33:36,1702546432,1.819345,406.628113,1.90099,0.322301,1.237501
14/12/2023,2:33:35,1702550016,1.814427,406.829529,1.86404,0.322439,1.205702
14/12/2023,3:33:35,1702553600,1.827255,408.142639,1.850402,0.322386,1.198847
14/12/2023,4:33:34,1702557184,1.821117,408.19809,1.826395,0.322628,1.162136
14/12/2023,5:33:34,1702560768,1.821936,408.248749,1.790967,0.322632,1.087502
14/12/2023,6:33:35,1702564352,1.81437,407.549713,1.688516,0.323821,1.058496
14/12/2023,7:33:36,1702568064,1.811792,406.912506,1.665784,0.324306,1.155578
14/12/2023,8:33:36,1702571648,1.811161,406.873871,1.697227,0.323363,1.347479
14/12/2023,9:33:36,1702575232,1.814197,406.488556,1.724604,0.322855,1.474019
14/12/2023,10:33:36,1702578816,1.810993,406.424438,1.732131,0.323043,1.500813
14/12/2023,11:33:37,1702582400,1.805959,404.479187,1.770914,0.323181,1.505496
14/12/2023,12:33:37,1702585984,1.805024,403.776886,1.789284,0.322882,1.521889
14/12/2023,13:33:38,1702589568,1.804979,403.64917,1.76877,0.323611,1.56972
14/12/2023,14:33:38,1702593280,1.804144,403.264526,1.735204,0.322867,1.603925
14/12/2023,15:33:39,1702596864,1.802822,402.917389,1.778382,0.3228,1.672906
14/12/2023,16:33:40,1702600448,1.800965,403.197266,1.785005,0.323093,1.662617
14/12/2023,17:33:39,1702604032,1.799746,403.30838,1.852789,0.322901,1.665535
14/12/2023,18:33:42,1702607616,1.80246,404.213257,1.879625,0.322846,1.584188
14/12/2023,19:33:42,1702611200,1.80162,404.729462,1.898991,0.322409,1.475048
14/12/2023,20:33:40,1702614784,1.802534,407.693329,1.908403,0.322149,1.391416
14/12/2023,21:33:42,1702618368,1.807686,409.573273,1.916099,0.322462,1.292709
14/12/2023,22:33:42,1702622080,1.81636,412.999756,1.921473,0.32254,1.196289
14/12/2023,23:33:46,1702625664,1.826838,417.156128,1.957372,0.322937,1.148193
15/12/2023,0:33:44,1702629248,1.851718,424.147797,1.963623,0.322712,1.119465
15/12/2023,1:33:45,1702632832,1.994044,433.049103,1.940201,0.323748,1.079511
15/12/2023,2:33:45,1702636416,2.147721,438.149261,1.924475,0.324148,1.035973
15/12/2023,3:33:45,1702640000,2.107761,436.710266,1.919422,0.324296,1.020153
15/12/2023,4:33:46,1702643584,1.990182,431.986755,1.939508,0.323387,1.012966
15/12/2023,5:33:47,1702647168,1.923815,425.794037,1.935682,0.322979,0.98381
15/12/2023,6:33:47,1702650880,2.149273,427.256592,1.928197,0.322047,0.936337
15/12/2023,7:33:46,1702654464,2.022873,419.98819,1.68523,0.32477,0.870295
15/12/2023,8:33:46,1702658048,1.891699,416.645721,1.087945,0.328396,0.944983
15/12/2023,9:33:48,1702661632,1.85164,414.83902,0.832024,0.330644,1.01828
15/12/2023,10:33:47,1702665216,1.846881,413.129364,0.715917,0.331705,0.655728
15/12/2023,11:33:48,1702668800,1.840463,411.358215,0.672458,0.332043,0.565068
15/12/2023,12:33:47,1702672384,1.84222,411.062012,0.651202,0.33221,0.53549
15/12/2023,13:33:51,1702675968,1.840341,410.720245,0.641588,0.332169,0.517768
15/12/2023,14:33:49,1702679680,1.873268,411.509399,1.250502,0.326274,0.759026
15/12/2023,15:33:49,1702683264,1.864903,411.643677,1.20257,0.32687,0.633068
15/12/2023,16:33:50,1702686848,1.860317,412.420715,1.260749,0.326322,0.639729
15/12/2023,17:33:53,1702690432,1.857217,412.128265,1.651341,0.32399,0.747722
15/12/2023,18:33:53,1702694016,1.812286,406.378876,1.978234,0.321944,0.817743
15/12/2023,19:33:52,1702697600,1.807269,404.37735,1.958699,0.321548,0.768273
15/12/2023,20:33:53,1702701184,1.806251,403.686829,1.909817,0.321956,0.771711
15/12/2023,21:33:53,1702704896,1.813733,404.738953,1.831883,0.32218,0.787274
15/12/2023,22:33:53,1702708480,1.81064,404.673126,1.818472,0.322614,0.796386
15/12/2023,23:33:53,1702712064,1.807109,404.948212,1.754092,0.322112,0.782928
16/12/2023,0:33:56,1702715648,1.809757,405.487244,1.730764,0.323124,0.784696
16/12/2023,1:33:55,1702719232,1.82253,406.513184,1.686545,0.323307,0.788639
16/12/2023,2:33:56,1702722816,1.856973,407.607086,1.694034,0.323366,0.786521
16/12/2023,3:33:55,1702726400,1.855121,409.950195,1.717822,0.32315,0.781065
16/12/2023,4:33:58,1702729984,1.830505,406.942535,1.761354,0.322978,0.776456
16/12/2023,5:33:57,1702733696,1.812803,405.617401,1.764844,0.322838,0.765648
16/12/2023,6:33:59,1702737280,1.805182,405.694519,1.769755,0.322554,0.744748
16/12/2023,7:33:56,1702740864,1.805221,405.439056,1.769212,0.322947,0.730058
16/12/2023,8:33:59,1702744448,1.80399,404.964203,1.759406,0.322273,0.714162
16/12/2023,9:33:59,1702748032,1.804851,404.645416,1.734306,0.32256,0.682382
16/12/2023,10:33:59,1702751616,1.805152,404.758606,1.705183,0.323205,0.67519
16/12/2023,11:34:01,1702755200,1.805439,404.396698,1.645757,0.323342,0.696227
16/12/2023,12:33:59,1702758784,1.804311,403.766754,1.60884,0.323253,0.725927
16/12/2023,13:34:02,1702762496,1.803851,403.54895,1.592715,0.323343,0.771771
16/12/2023,14:34:02,1702766080,1.800991,402.181976,1.708727,0.322592,0.826107
16/12/2023,15:34:01,1702769664,1.799711,401.877533,1.762009,0.322131,0.833402
16/12/2023,16:34:02,1702773248,1.79971,402.387543,1.781947,0.321747,0.819715
16/12/2023,17:34:02,1702776832,1.80233,403.379059,1.743559,0.32266,0.778568
16/12/2023,18:34:04,1702780416,1.802595,404.27713,1.723578,0.322336,0.794117
16/12/2023,19:34:05,1702784000,1.803721,405.303436,1.801259,0.321957,0.819569
16/12/2023,20:34:05,1702787584,1.80178,404.773071,1.892992,0.322149,0.805615
16/12/2023,21:34:05,1702791296,1.803607,405.430237,1.96527,0.321742,0.8051
16/12/2023,22:34:05,1702794880,1.802856,407.97171,2.003585,0.321654,0.822536
16/12/2023,23:34:07,1702798464,1.818,417.013275,2.011014,0.321743,0.807862
17/12/2023,0:34:08,1702802048,2.03582,423.18277,1.999636,0.322081,0.797034
17/12/2023,1:34:07,1702805632,2.218506,427.749542,1.99036,0.322132,0.766006
17/12/2023,2:34:07,1702809216,2.041229,430.644287,1.980018,0.323599,0.768436
17/12/2023,3:34:07,1702812800,2.016367,437.189545,1.971212,0.324206,0.770867
17/12/2023,4:34:08,1702816512,2.020136,436.541351,2.036359,0.323331,0.761308
17/12/2023,5:34:10,1702820096,1.979705,421.378937,2.083561,0.32243,0.773618
17/12/2023,6:34:09,1702823680,1.91072,418.524719,2.052382,0.322365,0.836019
17/12/2023,7:34:09,1702827264,1.893349,418.340393,2.05807,0.322082,0.905995
17/12/2023,8:34:10,1702830848,1.868752,414.575439,2.106355,0.321536,0.910049
17/12/2023,9:34:11,1702834432,1.82972,408.449432,2.100794,0.321528,0.913222
17/12/2023,10:34:10,1702838016,1.811417,404.736511,2.097459,0.321532,0.968741
17/12/2023,11:34:10,1702841600,1.808341,403.286591,2.145273,0.321445,1.011394
17/12/2023,12:34:11,1702845312,1.803147,401.595734,2.212374,0.320602,1.096964
17/12/2023,13:34:13,1702848896,1.797933,401.070923,2.252089,0.321042,1.196852
17/12/2023,14:34:13,1702852480,1.794379,400.288879,2.290876,0.320224,1.269628
17/12/2023,15:34:12,1702856064,1.794199,400.537933,2.337633,0.320507,1.288296
17/12/2023,16:34:12,1702859648,1.790261,400.059418,2.396378,0.320033,1.267726
17/12/2023,17:34:14,1702863232,1.788641,400.886169,2.419382,0.320111,1.2315
17/12/2023,18:34:13,1702866816,1.790489,402.754242,2.482693,0.319803,1.117482
17/12/2023,19:34:14,1702870400,1.798399,405.638733,2.469577,0.319833,0.977636
17/12/2023,20:34:13,1702874112,1.814759,409.599579,2.457975,0.31981,0.91302
17/12/2023,21:34:14,1702877696,1.830093,413.902954,2.462884,0.319967,0.863923
17/12/2023,22:34:14,1702881280,1.84179,413.147705,2.471398,0.319425,0.862858
17/12/2023,23:34:15,1702884864,1.847961,408.849792,2.461865,0.320624,0.789349
18/12/2023,0:34:14,1702888448,1.839149,407.511536,2.481281,0.320617,0.705772
18/12/2023,1:34:14,1702892032,1.827254,405.27832,2.56188,0.320052,0.624719
18/12/2023,2:34:19,1702895616,1.805519,404.26889,2.543445,0.319884,0.548806
18/12/2023,3:34:17,1702899200,1.837914,407.969086,2.560607,0.319367,0.544889
18/12/2023,4:34:20,1702902912,1.980348,416.533783,2.548314,0.319907,0.548527
18/12/2023,5:34:18,1702906496,1.960165,412.202728,2.511569,0.320003,0.493548
18/12/2023,6:34:18,1702910080,1.910121,413.197693,2.473291,0.32171,0.465603
18/12/2023,7:34:20,1702913664,2.033069,418.893311,2.429781,0.321179,0.532972
18/12/2023,8:34:19,1702917248,1.994462,419.584717,2.404963,0.321296,0.55197
18/12/2023,9:34:21,1702920832,1.991997,417.102417,2.356821,0.321279,0.577762
18/12/2023,10:34:20,1702924416,1.940389,413.449585,2.278633,0.321625,0.639344
18/12/2023,11:34:22,1702928000,1.894197,412.660431,1.996801,0.321836,0.718892
18/12/2023,12:34:22,1702931712,1.879075,410.867126,1.903965,0.322279,0.851063
18/12/2023,13:34:19,1702935296,1.864082,408.354156,1.983843,0.322052,1.223542
18/12/2023,14:34:21,1702938880,1.867039,407.080322,2.052075,0.321909,1.465681
18/12/2023,15:34:21,1702942464,1.87227,408.767792,1.907483,0.322363,1.548877
18/12/2023,16:34:21,1702946048,1.894025,410.979919,1.873484,0.322846,1.647149
18/12/2023,17:34:24,1702949632,1.868938,411.981354,1.705362,0.323297,1.679626
18/12/2023,18:34:21,1702953216,1.835343,408.464111,1.913203,0.322359,1.855151
18/12/2023,19:34:23,1702956800,1.817174,405.356354,2.076143,0.321182,1.95844
18/12/2023,20:34:25,1702960512,1.812614,404.754883,2.132781,0.321165,1.901664
18/12/2023,21:34:23,1702964096,1.814051,404.696136,2.133301,0.321418,1.7116
18/12/2023,22:34:25,1702967680,1.819962,405.31485,2.057607,0.321547,1.513427
18/12/2023,23:34:26,1702971264,1.833081,408.86731,2.165257,0.321686,1.357477
19/12/2023,0:34:29,1702974848,1.833245,408.004059,2.154609,0.321417,1.330095
19/12/2023,1:34:26,1702978432,1.827024,409.02713,2.115849,0.321415,1.264615
19/12/2023,2:34:25,1702982016,1.827996,410.407257,2.106024,0.322248,1.200399
19/12/2023,3:34:27,1702985728,1.82556,411.436157,2.011383,0.322056,1.115427
19/12/2023,4:34:27,1702989312,1.821023,410.122589,1.852621,0.323107,1.055543
19/12/2023,5:34:29,1702992896,1.818683,408.744934,1.801466,0.322536,1.099706
19/12/2023,6:34:28,1702996480,1.824502,408.243439,1.78548,0.32269,1.159395
19/12/2023,7:34:28,1703000064,1.818679,406.891357,1.775907,0.322352,1.224197
19/12/2023,8:34:27,1703003648,1.823008,406.633759,1.762229,0.322715,1.278451
19/12/2023,9:34:27,1703007232,1.83273,407.362854,1.758426,0.322628,1.309437
19/12/2023,10:34:30,1703010816,1.827189,406.449219,1.730133,0.322748,1.334316
19/12/2023,11:34:29,1703014528,1.83148,406.728333,1.714196,0.322932,1.348905
19/12/2023,12:34:29,1703018112,1.837151,407.249207,1.728095,0.322768,1.343191
19/12/2023,13:34:30,1703021696,1.830167,407.781097,1.706451,0.323277,1.360269
19/12/2023,14:34:29,1703025280,1.830395,406.332581,1.660256,0.323324,1.345899
19/12/2023,15:34:31,1703028864,1.829228,406.265411,1.649828,0.323378,1.36061
19/12/2023,16:34:30,1703032448,1.833611,407.743896,1.627446,0.323652,1.366756
19/12/2023,17:34:30,1703036032,1.840079,408.53418,1.624175,0.32358,1.363814
19/12/2023,18:34:33,1703039616,1.891114,409.799866,1.610639,0.323847,1.36598
19/12/2023,19:34:34,1703043328,1.929649,410.624756,1.602046,0.323948,1.374956
19/12/2023,20:34:32,1703046912,1.909853,412.007904,1.580061,0.324613,1.371429
19/12/2023,21:34:32,1703050496,1.950459,414.742798,1.518568,0.324596,1.346087
19/12/2023,22:34:34,1703054080,1.991469,416.344727,1.491037,0.325219,1.352216
19/12/2023,23:34:33,1703057664,2.019255,416.362701,1.494884,0.32577,1.374764
20/12/2023,0:34:35,1703061248,2.112574,420.296753,1.527043,0.326545,1.382286
20/12/2023,1:34:36,1703064832,2.109694,422.138062,1.552869,0.32541,1.355157
20/12/2023,2:34:33,1703068416,2.080653,424.979004,1.573431,0.326434,1.357569
20/12/2023,3:34:34,1703072128,2.15533,428.53421,1.58733,0.326179,1.35024
20/12/2023,4:34:36,1703075712,2.111564,425.599365,1.634876,0.324924,1.339043
20/12/2023,5:34:37,1703079296,1.998235,413.276031,1.732333,0.323497,1.351332
20/12/2023,6:34:38,1703082880,1.871376,408.206482,1.773014,0.322877,1.318656
20/12/2023,7:34:38,1703086464,1.840858,407.656982,1.729512,0.322872,1.242763
20/12/2023,8:34:37,1703090048,1.830088,406.562866,1.687204,0.323325,1.195918
20/12/2023,9:34:37,1703093632,1.825712,406.388062,1.622671,0.323605,1.169948
20/12/2023,10:34:36,1703097216,1.817435,409.355225,1.569211,0.323622,1.158774
20/12/2023,11:34:37,1703100928,1.815395,406.590179,1.526487,0.324517,1.178026
20/12/2023,12:34:39,1703104512,1.815153,405.281311,1.466768,0.32435,1.186854
20/12/2023,13:34:36,1703108096,1.815245,404.998199,1.386497,0.324759,1.23919
20/12/2023,14:34:40,1703111680,1.81167,404.123993,1.405356,0.324309,1.330442
20/12/2023,15:34:39,1703115264,1.809136,403.718445,1.407182,0.324983,1.399167
20/12/2023,16:34:40,1703118848,1.81292,404.40564,1.408024,0.324206,1.460986
20/12/2023,17:34:42,1703122432,1.81554,405.136871,1.418679,0.324502,1.480651
20/12/2023,18:34:42,1703126144,1.821794,405.97702,1.415596,0.324434,1.508569
20/12/2023,19:34:41,1703129728,1.824623,406.748016,1.424935,0.324188,1.544893
20/12/2023,20:34:41,1703133312,1.821658,406.557281,1.410633,0.324767,1.5465
20/12/2023,21:34:40,1703136896,1.909081,407.598206,1.390542,0.324496,1.542429
20/12/2023,22:34:44,1703140480,1.86555,408.448273,1.404442,0.324931,1.515791
20/12/2023,23:34:43,1703144064,1.923488,409.579041,1.404671,0.324902,1.494751
21/12/2023,0:34:43,1703147648,1.910017,409.036957,1.384917,0.324722,1.486353
21/12/2023,1:34:44,1703151232,1.87438,409.456116,1.368367,0.324781,1.460816
21/12/2023,2:34:42,1703154944,1.922495,412.919891,1.360538,0.324619,1.468714
21/12/2023,3:34:41,1703158528,2.023594,418.237854,1.349228,0.325693,1.453767
21/12/2023,4:34:45,1703162112,2.03608,417.708099,1.325349,0.325951,1.456011
21/12/2023,5:34:44,1703165696,1.917465,413.571503,1.309592,0.326047,1.470084
21/12/2023,6:34:46,1703169280,1.89119,408.902771,1.303842,0.325748,1.457738
21/12/2023,7:34:44,1703172864,1.92087,407.033325,1.322792,0.325262,1.424129
21/12/2023,8:34:46,1703176448,1.870829,406.041656,1.288537,0.325432,1.401276
21/12/2023,9:34:47,1703180032,1.833522,405.800751,1.257775,0.325644,1.488422
21/12/2023,10:34:47,1703183744,1.826616,407.218201,1.279824,0.325689,1.462589
21/12/2023,11:34:47,1703187328,1.821979,407.388214,1.207991,0.32609,1.405898
21/12/2023,12:34:47,1703190912,1.819027,406.446991,1.205356,0.326331,1.500733
21/12/2023,13:34:47,1703194496,1.81434,405.444916,1.21991,0.32582,1.525083
21/12/2023,14:34:47,1703198080,1.810703,404.935516,1.308504,0.325058,1.519526
21/12/2023,15:34:51,1703201664,1.811594,404.761749,1.298941,0.325258,1.553397
21/12/2023,16:34:50,1703205248,1.811226,404.893555,1.348724,0.324904,1.597623
21/12/2023,17:34:49,1703208832,1.812781,405.158142,1.422223,0.324422,1.681302
21/12/2023,18:34:49,1703212544,1.818302,406.143677,1.47552,0.32377,1.536843
21/12/2023,19:34:48,1703216128,1.822947,407.261353,1.535917,0.323329,1.469822
21/12/2023,20:34:46,1703219712,1.832123,408.129272,1.578036,0.323271,1.451746
21/12/2023,21:34:50,1703223296,1.862503,410.279663,1.594603,0.3236,1.417392
21/12/2023,22:34:49,1703226880,1.872706,412.293579,1.576273,0.323864,1.334961
21/12/2023,23:34:50,1703230464,1.911002,409.961731,1.5233,0.32416,1.286816
22/12/2023,0:34:50,1703234048,2.162808,413.893005,1.504844,0.324914,1.263899
22/12/2023,1:34:53,1703237632,2.117886,419.641296,1.515848,0.324734,1.236706
22/12/2023,2:34:50,1703241344,2.041235,424.751068,1.523664,0.326188,1.189964
22/12/2023,3:34:51,1703244928,2.063865,429.232391,1.510486,0.325804,1.160414
22/12/2023,4:34:53,1703248512,2.312672,427.859589,1.515732,0.3258,1.146588
22/12/2023,5:34:51,1703252096,2.217393,417.180817,1.612924,0.323902,1.151334
22/12/2023,6:34:52,1703255680,2.158635,414.531006,1.581037,0.323917,1.107888
22/12/2023,7:34:52,1703259264,1.869918,407.6091,1.574672,0.32382,1.069591
22/12/2023,8:34:54,1703262848,1.865282,407.902405,1.548354,0.324314,1.061235
22/12/2023,9:34:54,1703266432,1.838383,406.0354,1.666194,0.323197,1.080057
22/12/2023,10:34:51,1703270144,1.831952,405.206635,1.639291,0.323676,1.084225
22/12/2023,11:34:55,1703273728,1.830859,405.295898,1.59578,0.323386,1.052288
22/12/2023,12:34:54,1703277312,1.824464,404.206635,1.609865,0.324108,1.120387
22/12/2023,13:34:56,1703280896,1.820235,403.271454,1.624385,0.323953,1.192292
22/12/2023,14:34:55,1703284480,1.817299,403.363739,1.59675,0.32403,1.245403
22/12/2023,15:34:54,1703288064,1.809448,403.499573,1.579093,0.324094,1.31066
22/12/2023,16:34:55,1703291648,1.804542,403.2052,1.669372,0.323097,1.387086
22/12/2023,17:34:56,1703295232,1.803811,403.928955,1.702586,0.322813,1.393182
22/12/2023,18:34:56,1703298944,1.801309,404.8396,1.707418,0.322827,1.301981
22/12/2023,19:34:54,1703302528,1.802886,405.8479,1.73638,0.322699,1.185034
22/12/2023,20:34:55,1703306112,1.805305,406.431824,1.749657,0.322945,1.141483
22/12/2023,21:34:55,1703309696,1.804958,407.26532,1.768611,0.322588,1.112319
22/12/2023,22:34:55,1703313280,1.814336,407.999878,1.791971,0.323238,1.064414
22/12/2023,23:34:57,1703316864,1.821601,410.257416,1.835977,0.322897,1.023894
23/12/2023,0:34:57,1703320448,1.814509,412.633423,1.860066,0.322318,0.974915
23/12/2023,1:34:56,1703324160,1.830093,415.616516,1.896447,0.32241,0.931356
23/12/2023,2:34:58,1703327744,1.857164,416.993896,1.939877,0.323003,0.910052
23/12/2023,3:34:56,1703331328,1.948642,428.588379,1.997979,0.322684,0.870096
23/12/2023,4:34:57,1703334912,2.0041,425.108063,2.004951,0.323438,0.846554
23/12/2023,5:34:59,1703338496,1.923062,412.737061,1.997223,0.323091,0.830983
23/12/2023,6:34:57,1703342080,1.830211,407.286804,1.934858,0.322907,0.791723
23/12/2023,7:34:57,1703345664,1.82076,405.094879,1.807139,0.323243,0.754003
23/12/2023,8:34:57,1703349248,1.810849,404.288116,1.915698,0.32298,0.746368
23/12/2023,9:34:59,1703352960,1.819027,405.950348,1.997074,0.322419,0.703315
23/12/2023,10:35:00,1703356544,1.824028,405.122131,2.095083,0.322226,0.706634
23/12/2023,11:35:02,1703360128,1.81205,402.375122,2.071175,0.321925,0.696931
23/12/2023,12:35:00,1703363712,1.806904,402.446381,1.99901,0.322123,0.67152
23/12/2023,13:35:01,1703367296,1.808586,402.532532,2.006965,0.322778,0.682913
23/12/2023,14:35:03,1703370880,1.825253,406.188721,2.023404,0.322814,0.674069
23/12/2023,15:35:02,1703374464,1.818243,407.736847,1.758021,0.32366,0.633051
23/12/2023,16:35:04,1703378048,1.823305,408.705658,1.726425,0.323806,0.674761
23/12/2023,17:35:04,1703381760,1.82666,409.875763,1.75237,0.32354,0.724799
23/12/2023,18:35:06,1703385344,1.83153,410.661346,1.883195,0.323265,0.780464
23/12/2023,19:35:06,1703388928,1.842846,410.027008,2.01452,0.322006,0.772208
23/12/2023,20:35:03,1703392512,1.852137,411.112854,2.048267,0.322379,0.754279
23/12/2023,21:35:07,1703396096,1.869025,413.949432,2.030867,0.322695,0.758577
23/12/2023,22:35:08,1703399680,1.858851,414.240784,1.969103,0.322892,0.729431
23/12/2023,23:35:05,1703403264,1.883542,416.944153,1.95174,0.325185,0.703397
24/12/2023,0:35:06,1703406848,1.877583,415.387451,1.953893,0.330164,0.67644
24/12/2023,1:35:09,1703410560,2.023655,419.327118,1.930666,0.325072,0.658121
24/12/2023,2:35:07,1703414144,2.116957,425.666962,1.899625,0.326427,0.644799
24/12/2023,3:35:09,1703417728,2.111662,434.037659,1.925684,0.325574,0.641172
24/12/2023,4:35:09,1703421312,2.117732,430.228363,1.937891,0.324969,0.649347
24/12/2023,5:35:09,1703424896,2.153117,428.73877,1.989738,0.326143,0.652
24/12/2023,6:35:11,1703428480,2.072419,420.287598,2.069555,0.323789,0.641314
24/12/2023,7:35:11,1703432064,1.886785,410.55191,2.042805,0.322885,0.622562
24/12/2023,8:35:06,1703435648,1.83587,407.836975,1.945799,0.322864,0.577464
24/12/2023,9:35:14,1703439360,1.87087,409.338745,1.851381,0.323873,0.584402
24/12/2023,10:35:09,1703442944,1.843134,408.026642,1.763623,0.32394,0.595245
24/12/2023,11:35:12,1703446528,1.833616,406.834198,1.805938,0.323538,0.638054
24/12/2023,12:35:10,1703450112,1.818733,405.50766,1.829259,0.323063,0.741364
24/12/2023,13:35:11,1703453696,1.807127,403.845306,2.032725,0.322247,0.84752
24/12/2023,14:35:13,1703457280,1.805758,403.985046,2.087402,0.322613,0.887106
24/12/2023,15:35:13,1703460864,1.808432,406.377289,2.13721,0.321649,0.877649
24/12/2023,16:35:15,1703464576,1.812387,407.707336,2.271113,0.321656,0.869439
24/12/2023,17:35:14,1703468160,1.806963,407.229431,2.314414,0.321049,0.841662
24/12/2023,18:35:14,1703471744,1.80662,409.091797,2.283211,0.321307,0.785441
24/12/2023,19:35:15,1703475328,1.806887,411.020172,2.291188,0.32134,0.736658
24/12/2023,20:35:16,1703478912,1.822159,410.378906,2.259629,0.321315,0.684847
24/12/2023,21:35:15,1703482496,1.9045,417.391876,2.143549,0.32283,0.598588
24/12/2023,22:35:16,1703486080,1.908971,415.018524,2.002908,0.322464,0.582931
24/12/2023,23:35:17,1703489664,1.82242,406.992798,2.073015,0.321982,0.568024
25/12/2023,0:35:17,1703493376,1.826437,406.761322,2.030786,0.322033,0.566448
25/12/2023,1:35:19,1703496960,1.834422,407.376556,2.047836,0.322167,0.562923
25/12/2023,2:35:18,1703500544,1.834534,407.72934,2.11183,0.322547,0.543829
25/12/2023,3:35:21,1703504128,1.824763,408.30603,2.125065,0.321963,0.529826
25/12/2023,4:35:20,1703507712,1.840503,408.614746,2.135829,0.32121,0.531166
25/12/2023,5:35:18,1703511296,1.852153,408.74588,2.106064,0.322229,0.512709
25/12/2023,6:35:20,1703514880,1.849037,409.461456,2.194995,0.321235,0.508581
25/12/2023,7:35:20,1703518464,1.822879,404.315796,2.248994,0.320981,0.48853
25/12/2023,8:35:20,1703522176,1.810699,403.726166,2.245615,0.321179,0.451926
25/12/2023,9:35:23,1703525760,1.81117,404.184021,2.174968,0.321762,0.47295
25/12/2023,10:35:19,1703529344,1.812088,404.161255,2.255769,0.32123,0.529482
25/12/2023,11:35:21,1703532928,1.814692,403.167389,2.293136,0.321004,0.557687
25/12/2023,12:35:22,1703536512,1.814822,406.56073,2.267601,0.321317,0.565727
25/12/2023,13:35:21,1703540096,1.826754,409.569885,2.238692,0.321247,0.586187
25/12/2023,14:35:23,1703543680,1.823157,414.309723,2.239177,0.321087,0.5842
25/12/2023,15:35:24,1703547264,1.812964,411.193207,2.166929,0.321784,0.537783
25/12/2023,16:35:26,1703550976,1.829097,414.324066,2.068609,0.322529,0.538064
25/12/2023,17:35:24,1703554560,1.846059,421.329498,2.036684,0.322425,0.517334
25/12/2023,18:35:25,1703558144,1.849813,432.200409,2.029206,0.322542,0.514499
25/12/2023,19:35:26,1703561728,1.835836,423.61322,2.094232,0.322029,0.549147
25/12/2023,20:35:25,1703565312,1.828744,418.511688,2.213183,0.322787,0.527072
25/12/2023,21:35:26,1703568896,1.842191,425.110779,2.239096,0.321895,0.513377
25/12/2023,22:35:27,1703572480,1.985233,432.375092,2.229204,0.32649,0.515077
25/12/2023,23:35:27,1703576064,1.992786,453.680359,2.189763,0.325018,0.496138
26/12/2023,0:35:26,1703579776,2.240226,468.684845,2.148488,0.327509,0.49957
26/12/2023,1:35:30,1703583360,2.191307,457.360413,2.134455,0.326958,0.502347
26/12/2023,2:35:28,1703586944,2.004488,426.792145,2.101992,0.322294,0.487579
26/12/2023,3:35:29,1703590528,1.861538,417.437714,1.906249,0.323161,0.467119
26/12/2023,4:35:29,1703594112,1.873188,421.374207,1.911546,0.323358,0.456334
26/12/2023,5:35:28,1703597696,1.983004,421.472412,1.84957,0.323278,0.47197
26/12/2023,6:35:29,1703601280,2.110863,430.415253,1.938065,0.323078,0.487854
26/12/2023,7:35:29,1703604992,2.02884,427.155731,1.882383,0.323462,0.478446
26/12/2023,8:35:30,1703608576,1.943508,420.781494,1.825513,0.323739,0.493064
26/12/2023,9:35:31,1703612160,1.908668,417.949005,1.836748,0.323092,0.513468
26/12/2023,10:35:33,1703615744,1.875522,412.136017,1.88002,0.323192,0.540518
26/12/2023,11:35:31,1703619328,1.844509,410.135437,1.787702,0.323715,0.570386
26/12/2023,12:35:34,1703622912,1.842865,412.333344,1.613466,0.32397,0.636318
26/12/2023,13:35:34,1703626496,1.850478,410.863831,1.67356,0.323739,0.726605
26/12/2023,14:35:35,1703630080,1.84268,409.846954,1.821772,0.322858,0.751031
26/12/2023,15:35:32,1703633792,1.861054,410.239105,1.896996,0.322651,0.788743
26/12/2023,16:35:34,1703637376,1.873427,410.495483,1.778239,0.323339,0.772171
26/12/2023,17:35:32,1703640960,1.858893,415.953857,1.864974,0.323555,0.733401
26/12/2023,18:35:35,1703644544,1.866798,427.428894,1.87607,0.324093,0.714849
26/12/2023,19:35:36,1703648128,1.921273,430.752228,1.865539,0.323947,0.711962
26/12/2023,20:35:36,1703651712,1.872167,421.332733,1.802075,0.323653,0.719739
26/12/2023,21:35:37,1703655296,1.919194,436.029388,1.805206,0.324116,0.715952
26/12/2023,22:35:39,1703658880,2.019479,443.84964,1.824892,0.323984,0.721665
26/12/2023,23:35:37,1703662592,2.228431,454.555359,1.804877,0.325589,0.719807
27/12/2023,0:35:38,1703666176,2.32934,466.002319,1.783934,0.327058,0.716572
27/12/2023,1:35:37,1703669760,2.563226,478.524475,1.766965,0.328163,0.712947
27/12/2023,2:35:38,1703673344,2.407165,483.361389,1.761791,0.329806,0.712806
27/12/2023,3:35:37,1703676928,2.518659,479.171539,1.776974,0.329045,0.703273
27/12/2023,4:35:38,1703680512,2.746937,480.421143,1.804076,0.328832,0.701426
27/12/2023,5:35:37,1703684096,2.573327,462.606903,1.825475,0.327781,0.696987
27/12/2023,6:35:40,1703687680,2.492467,457.556488,1.812489,0.327797,0.671767
27/12/2023,7:35:38,1703691392,2.39133,447.957031,1.760578,0.32688,0.648982
27/12/2023,8:35:40,1703694976,2.151366,435.605835,1.66566,0.326987,0.596244
27/12/2023,9:35:40,1703698560,2.032822,427.644073,1.613277,0.326461,0.622658
27/12/2023,10:35:42,1703702144,1.952338,420.398468,1.576225,0.326769,0.721144
27/12/2023,11:35:42,1703705728,1.908401,419.235321,1.709842,0.325072,0.895113
27/12/2023,12:35:42,1703709312,1.874374,417.041809,1.683626,0.324727,0.975514
27/12/2023,13:35:40,1703712896,1.857728,414.067139,1.601943,0.324607,1.049089
27/12/2023,14:35:43,1703716480,1.843355,410.819275,1.72416,0.323822,1.168235
27/12/2023,15:35:44,1703720192,1.829356,410.081573,1.641217,0.32417,1.215472
27/12/2023,16:35:42,1703723776,1.833632,411.528442,1.651185,0.323787,1.350443
27/12/2023,17:35:43,1703727360,1.830713,410.761414,1.631381,0.323247,1.274198
27/12/2023,18:35:43,1703730944,1.829491,413.774719,1.646305,0.323618,1.266133
27/12/2023,19:35:44,1703734528,1.829306,423.392578,1.747487,0.323283,1.287217
27/12/2023,20:35:43,1703738112,1.832347,435.205292,1.804492,0.322932,1.21411
27/12/2023,21:35:44,1703741696,1.867319,440.176544,1.843128,0.323132,1.113211
27/12/2023,22:35:46,1703745408,2.140407,460.497894,1.87267,0.324388,1.034116
27/12/2023,23:35:46,1703748992,2.316204,466.936218,1.881409,0.328258,0.965315
28/12/2023,0:35:48,1703752576,2.247225,464.266663,1.85296,0.326368,0.918844
28/12/2023,1:35:47,1703756160,2.218096,477.185394,1.831272,0.327324,0.876175
28/12/2023,2:35:48,1703759744,2.476422,490.989624,1.827539,0.327732,0.849934
28/12/2023,3:35:49,1703763328,2.594871,484.83313,1.81262,0.340041,0.843812
28/12/2023,4:35:48,1703766912,2.554909,488.551208,1.859086,0.330292,0.822735
28/12/2023,5:35:49,1703770496,2.342885,461.549805,1.963544,0.324955,0.812018
28/12/2023,6:35:50,1703774208,1.945189,424.666107,2.017446,0.32304,0.784031
28/12/2023,7:35:49,1703777792,1.865399,415.507812,2.032624,0.322091,0.71424
28/12/2023,8:35:52,1703781376,1.830146,409.008026,2.03748,0.322183,0.676709
28/12/2023,9:35:51,1703784960,1.815019,405.478577,2.037444,0.322161,0.64214
28/12/2023,10:35:53,1703788544,1.810315,403.122742,2.059117,0.322474,0.636907
28/12/2023,11:35:52,1703792128,1.81106,403.824127,2.054063,0.322364,0.659083
28/12/2023,12:35:51,1703795712,1.806987,401.804382,2.128176,0.321228,0.667958
28/12/2023,13:35:52,1703799296,1.808486,402.732849,2.134255,0.321377,0.682436
28/12/2023,14:35:53,1703803008,1.806409,402.384033,2.148387,0.321399,0.683756
28/12/2023,15:35:53,1703806592,1.799902,403.195984,2.166039,0.321374,0.692312
28/12/2023,16:35:54,1703810176,1.809808,405.087219,2.245612,0.321228,0.699513
28/12/2023,17:35:54,1703813760,1.829072,409.11087,2.236195,0.321396,0.686806
28/12/2023,18:35:55,1703817344,1.835473,418.069183,2.262345,0.320654,0.668942
28/12/2023,19:35:54,1703820928,1.902713,425.109589,1.80224,0.323982,0.594864
28/12/2023,20:35:55,1703824512,1.940982,424.125946,1.510188,0.32511,0.654741
28/12/2023,21:35:56,1703828096,1.995653,433.647827,1.537925,0.326387,0.762347
28/12/2023,22:35:56,1703831808,2.098952,447.233673,1.722763,0.326984,0.824434
28/12/2023,23:35:57,1703835392,2.077055,440.73407,1.684673,0.325276,0.837627
29/12/2023,0:35:58,1703838976,2.113099,438.68042,1.543008,0.327633,0.821264
29/12/2023,1:35:58,1703842560,2.145533,433.595123,1.45755,0.327445,0.866154
29/12/2023,2:35:58,1703846144,2.193318,436.981934,1.464054,0.326845,0.888133
29/12/2023,3:35:57,1703849728,2.110579,435.677277,1.477951,0.325975,0.909798
29/12/2023,4:35:58,1703853312,1.933623,423.465759,1.474861,0.325212,0.925973
29/12/2023,5:35:57,1703856896,1.897761,419.686127,1.475622,0.324909,0.949047
29/12/2023,6:35:58,1703860608,1.913686,416.8862,1.45908,0.325075,0.956433
29/12/2023,7:36:00,1703864192,1.906858,415.264771,1.405166,0.325245,0.949544
29/12/2023,8:35:59,1703867776,1.871354,413.878265,1.337661,0.325881,0.958015
29/12/2023,9:35:59,1703871360,1.862291,413.026062,1.305866,0.326018,1.112399
29/12/2023,10:36:02,1703874944,1.856946,413.055267,1.463582,0.325381,1.285187
29/12/2023,11:36:02,1703878528,1.843377,411.913727,1.498267,0.324765,1.269487
29/12/2023,12:36:00,1703882112,1.823173,408.814545,1.534001,0.324325,1.350983
29/12/2023,13:35:59,1703885696,1.814609,405.795563,1.659887,0.323447,1.397428
29/12/2023,14:36:01,1703889408,1.806446,404.115509,1.670187,0.323197,1.408366
29/12/2023,15:36:04,1703892992,1.80269,402.688477,1.708281,0.322949,1.425125
29/12/2023,16:36:03,1703896576,1.804388,404.55246,1.664478,0.323103,1.37976
29/12/2023,17:36:03,1703900160,1.804343,406.166901,1.625129,0.323587,1.352037
29/12/2023,18:36:02,1703903744,1.80628,407.073822,1.556353,0.32357,1.321674
29/12/2023,19:36:03,1703907328,1.807277,406.529877,1.589628,0.323406,1.237226
29/12/2023,20:36:03,1703910912,1.813512,408.178253,1.739773,0.322636,1.206813
29/12/2023,21:36:04,1703914624,1.82691,409.832336,1.802509,0.322609,1.135493
29/12/2023,22:36:04,1703918208,1.830836,408.315643,1.776375,0.322849,1.068913
29/12/2023,23:36:04,1703921792,1.827014,406.937469,1.736528,0.322363,1.011605
30/12/2023,0:36:08,1703925376,1.826116,406.933472,1.727018,0.322716,0.952129
30/12/2023,1:36:06,1703928960,1.848684,409.027649,1.69299,0.32273,0.894225
30/12/2023,2:36:06,1703932544,1.841525,410.448669,1.655195,0.323103,0.856827
30/12/2023,3:36:05,1703936128,1.867258,411.965454,1.645917,0.324142,0.828447
30/12/2023,4:36:07,1703939712,1.846989,413.125885,1.619581,0.323732,0.788945
30/12/2023,5:36:06,1703943424,1.958221,415.710236,1.634446,0.323453,0.784665
30/12/2023,6:36:07,1703947008,1.992302,415.809631,1.641084,0.323749,0.765023
30/12/2023,7:36:08,1703950592,1.835966,408.366821,1.570818,0.323757,0.754341
30/12/2023,8:36:09,1703954176,1.825278,406.556335,1.522351,0.324075,0.737691
30/12/2023,9:36:09,1703957760,1.82249,405.683441,1.457315,0.324394,0.725187
30/12/2023,10:36:10,1703961344,1.811443,404.393768,1.450465,0.324383,0.742897
30/12/2023,11:36:10,1703964928,1.808731,404.397644,1.457858,0.324701,0.752938
30/12/2023,12:36:10,1703968512,1.808094,405.07196,1.466627,0.324313,0.75976
30/12/2023,13:36:12,1703972224,1.813941,406.066803,1.503982,0.324183,0.785053
30/12/2023,14:36:09,1703975808,1.813332,406.084045,1.488593,0.324272,0.799546
30/12/2023,15:36:14,1703979392,1.812686,407.389771,1.488206,0.324112,0.812155
30/12/2023,16:36:12,1703982976,1.824099,409.531891,1.488085,0.324144,0.837073
30/12/2023,17:36:10,1703986560,1.824537,410.39151,1.565165,0.324056,0.858257
30/12/2023,18:36:11,1703990144,1.816545,413.312744,1.610844,0.323285,0.843646
30/12/2023,19:36:15,1703993728,1.908185,422.841461,1.627868,0.323644,0.82396
30/12/2023,20:36:15,1703997312,1.884658,420.916656,1.629432,0.324817,0.808251
30/12/2023,21:36:16,1704001024,1.932055,423.799011,1.624591,0.32642,0.791416
30/12/2023,22:36:15,1704004608,2.076183,430.388245,1.627524,0.328029,0.768623
