Date Time,PM10_0,RAIN_0,HUMID_1,TEMP_1,WSP_0,WDR_0,SD1_0,WGU_0,PM2.5_0,HUMID_0,TEMP_0,DPTEMP_0,H2O_0,WBTEMP_0,FPTEMP_0,SO2_0,NO_0,NOX_0,NO2_0,NH3_0,WSP_1,WDR_1,SD1_1,WGU_1,N2O_Pic_0,CH4_Pic_0,CO2_Pic_0,NH3_Pic_0,H2O_Pic_0,NO_1,NOX_1,NO2_1,NH3_1
27-09-2024 10:00,44.62854166666667,0.0,33.23020833333333,26.096875,7.968958333333333,130.93416666666667,9.146041666666667,10.817916666666667,4.213125000000001,55.21395833333333,16.815,7.7225,6.5775,11.853541666666667,7.7225,3.7016666666666667,0.49833333333333335,2.0368749999999998,1.5377083333333335,2.4502083333333333,7.95,131.33895833333335,9.188541666666667,10.830833333333333,0.3254166666666667,1.8691666666666666,410.96791666666667,4.5175,1.0375,0.0,0.0,0.0,0.0
27-09-2024 11:00,44.96816666666667,0.0,34.644999999999996,26.971333333333334,7.041666666666667,137.63916666666668,9.919333333333332,9.700833333333334,8.109666666666666,63.084500000000006,15.867333333333333,8.632333333333333,7.0275,11.896833333333335,8.632333333333333,3.5435000000000003,0.1796666666666667,1.4795,1.2945,3.2795,7.072166666666666,138.23183333333333,9.793166666666668,9.808333333333334,0.32466666666666666,1.863,414.32399999999996,4.5601666666666665,1.1238333333333332,0.0,0.0,0.0,0.0
27-09-2024 12:00,36.838166666666666,0.0,31.653166666666667,27.709333333333333,6.58,136.49183333333335,10.200833333333332,9.1705,11.669333333333332,54.0345,16.735,7.310333333333333,6.395833333333333,11.633333333333333,7.310333333333333,3.4596666666666667,0.528,2.027833333333333,1.5003333333333333,2.246166666666667,6.587166666666667,137.01366666666667,10.087666666666667,9.1655,0.32566666666666666,1.8686666666666667,411.07416666666666,4.229333333333333,1.01,0.0,0.0,0.0,0.0
27-09-2024 13:00,43.3455,0.0,28.9995,27.976666666666667,6.638833333333333,139.09099999999998,10.114333333333333,9.271333333333333,10.679499999999999,51.752500000000005,17.028666666666666,6.9831666666666665,6.2505,11.608333333333333,6.9831666666666665,3.430833333333333,0.6831666666666667,2.4211666666666667,1.7373333333333332,2.2569999999999997,6.6605,139.67516666666668,9.9675,9.376333333333333,0.3266666666666667,1.87,411.23383333333334,4.0969999999999995,0.9876666666666666,0.0,0.0,0.0,0.0
27-09-2024 14:00,47.71633333333333,0.0,27.726,28.335166666666666,6.3385,145.83416666666665,10.735999999999999,9.056166666666666,11.356666666666666,51.059,16.8615,6.634,6.0968333333333335,11.382333333333333,6.634,3.4058333333333333,0.7515000000000001,2.381666666666667,1.6313333333333333,2.2303333333333333,6.405666666666666,146.50166666666667,10.620833333333334,9.169333333333332,0.326,1.87,411.65999999999997,4.016,0.9638333333333333,0.0,0.0,0.0,0.0
27-09-2024 15:00,40.511355932203394,0.0,27.598135593220338,28.15881355932203,6.231864406779661,140.97033898305085,10.342372881355933,8.900338983050847,7.346440677966101,51.8206779661017,16.555423728813558,6.555762711864407,6.068305084745762,11.216271186440677,6.555762711864407,3.273898305084746,0.5171186440677966,2.125762711864407,1.6093220338983052,1.9915254237288136,6.257796610169491,141.52406779661018,10.318813559322033,8.89186440677966,0.32745762711864407,1.87,411.99254237288136,3.985762711864407,0.9579661016949151,0.0,0.0,0.0,0.0
27-09-2024 16:00,43.29,0.0,27.253333333333334,28.115166666666664,6.294666666666667,146.25366666666665,10.395333333333333,8.987166666666667,5.856833333333333,52.198166666666665,16.386833333333335,6.504499999999999,6.046,11.124666666666666,6.504499999999999,3.3104999999999998,0.8548333333333333,3.4403333333333332,2.6064999999999996,1.5861666666666667,6.350833333333333,146.87483333333333,10.274333333333335,9.141666666666667,0.326,1.87,412.4661666666667,3.9844999999999997,0.9556666666666668,0.0,0.0,0.0,0.0
27-09-2024 17:00,41.014,0.0,27.366,27.92366666666667,6.070166666666666,138.38616666666667,9.9505,8.383833333333333,7.2385,53.089166666666664,16.134833333333333,6.528833333333334,6.055000000000001,11.029833333333332,6.528833333333334,3.2375,0.5286666666666666,3.7516666666666665,3.223,0.5246666666666667,6.084333333333333,139.06216666666666,9.856,8.389999999999999,0.32616666666666666,1.87,412.92983333333336,3.8795,0.9578333333333333,0.0,0.0,0.0,0.0
27-09-2024 18:00,37.07833333333333,0.0,28.516000000000002,27.36466666666667,6.217333333333333,133.77683333333331,9.7945,8.714833333333333,6.829833333333334,56.31066666666666,15.585666666666667,6.864166666666667,6.201666666666667,10.939,6.864166666666667,3.2628333333333335,0.4721666666666666,1.7088333333333334,1.2369999999999999,2.025333333333333,6.2035,134.38616666666667,10.030166666666666,8.687999999999999,0.326,1.87,412.5875,3.9985,0.9851666666666666,0.0,0.0,0.0,0.0
27-09-2024 19:00,39.547457627118646,0.0,28.592542372881358,27.805084745762713,5.392881355932204,147.51728813559322,10.575932203389831,7.461525423728814,5.139661016949153,62.3271186440678,15.045762711864407,7.803898305084746,6.622542372881356,11.138644067796609,7.803898305084746,3.2584745762711864,0.351864406779661,1.5301694915254238,1.178813559322034,2.105762711864407,5.4759322033898306,148.24644067796612,10.494745762711865,7.5908474576271185,0.32440677966101694,1.868135593220339,412.3094915254237,4.132203389830509,1.0474576271186442,0.0,0.0,0.0,0.0
27-09-2024 20:00,28.727833333333333,0.0033333333333333335,31.3505,28.0365,5.837166666666667,151.575,10.173166666666667,7.9995,6.390333333333333,76.13083333333334,13.9955,9.779,7.5715,11.653166666666667,9.779,3.0686666666666667,0.01833333333333333,1.0696666666666668,1.0513333333333332,2.8433333333333333,5.973833333333333,152.4425,10.2255,8.120833333333334,0.3235,1.8625,410.76933333333335,4.392833333333333,1.2089999999999999,0.0,0.0,0.0,0.0
27-09-2024 21:00,36.316,0.0,31.240666666666666,28.233166666666666,5.629333333333333,133.8175,9.469,7.5488333333333335,6.871333333333333,70.59566666666666,14.595833333333333,9.238833333333334,7.299833333333334,11.633333333333333,9.238833333333334,2.966,0.0365,0.9693333333333334,0.9326666666666666,2.4985,5.676333333333333,134.33766666666668,9.464,7.655,0.32433333333333336,1.8638333333333335,410.861,4.0280000000000005,1.1615,0.0,0.0,0.0,0.0
27-09-2024 22:00,34.73966666666667,0.010000000000000002,35.167833333333334,26.865666666666666,5.5625,126.22233333333334,8.678666666666667,7.35,8.008333333333333,79.02783333333333,13.938666666666668,10.297666666666666,7.840999999999999,11.9005,10.297666666666666,3.0633333333333335,0.15583333333333332,1.0135,0.858,2.619333333333333,5.537166666666667,126.75733333333334,8.964,7.379666666666666,0.32266666666666666,1.8608333333333333,410.22366666666665,4.251333333333333,1.2518333333333334,0.0,0.0,0.0,0.0
27-09-2024 23:00,16.672166666666666,0.0,32.94616666666666,28.123,5.196333333333333,157.95133333333334,9.649333333333335,7.153666666666666,2.806166666666667,72.554,14.293833333333334,9.380166666666666,7.3613333333333335,11.572000000000001,9.380166666666666,3.2871666666666663,0.23916666666666667,0.9871666666666666,0.7476666666666667,2.616,5.35,158.967,9.370166666666668,7.407333333333333,0.3238333333333333,1.8651666666666669,410.91299999999995,3.9403333333333332,1.1716666666666666,0.0,0.0,0.0,0.0
28-09-2024 00:00,26.95375,0.0,32.62875,27.9,5.1125,147.085,10.19625,7.295,3.25625,68.78375,14.967500000000001,9.19625,7.28625,11.76625,9.19625,2.8925,-0.1275,0.7475,0.875,1.6,5.17875,148.2025,9.86375,7.23625,0.325,1.87,410.565,3.91,1.14375,0.0,0.0,0.0,0.0
28-09-2024 01:00,32.501333333333335,0.0,33.054833333333335,27.2585,5.9959999999999996,128.68449999999999,9.249333333333334,8.144166666666667,5.770833333333333,65.6775,15.290166666666666,8.829166666666667,7.102,11.734,8.829166666666667,3.0593333333333335,0.024333333333333332,0.7606666666666667,0.7353333333333333,2.0125,5.994333333333333,129.197,9.442333333333332,8.148166666666667,0.3253333333333333,1.8643333333333334,410.851,4.4928333333333335,1.1251666666666666,0.0,0.0,0.0,0.0
28-09-2024 02:00,42.765166666666666,0.0,32.333999999999996,27.321666666666665,4.939333333333334,142.40016666666668,9.761166666666666,6.838166666666667,5.364166666666667,64.841,15.484833333333334,8.846666666666666,7.101333333333333,11.816,8.846666666666666,3.3621666666666665,-0.006500000000000001,0.6013333333333333,0.6078333333333333,2.4305000000000003,4.975333333333333,143.139,9.614166666666668,6.859666666666667,0.32416666666666666,1.8635,410.9311666666666,4.0155,1.1243333333333332,0.0,0.0,0.0,0.0
28-09-2024 03:00,44.5775,0.0,31.787666666666667,27.461000000000002,5.837666666666666,138.44683333333333,9.843,8.1155,2.231666666666667,61.47033333333333,16.1195,8.649166666666668,7.007833333333334,11.992333333333333,8.649166666666668,3.4106666666666663,0.02766666666666667,0.5981666666666666,0.5704999999999999,2.3111666666666664,5.838166666666667,139.0695,9.666,8.100333333333333,0.3238333333333333,1.8671666666666666,410.9865,3.8133333333333335,1.1085,0.0,0.0,0.0,0.0
28-09-2024 04:00,44.93766666666667,0.0,32.120333333333335,27.639333333333333,5.753833333333334,137.004,9.643,8.091166666666668,7.0405,64.27716666666667,16.0125,9.2145,7.283333333333333,12.215333333333332,9.2145,3.4425000000000003,0.17883333333333334,0.8083333333333333,0.6298333333333334,2.341,5.772666666666667,137.63716666666667,9.586,8.1135,0.32416666666666666,1.8626666666666667,410.736,3.8834999999999997,1.1543333333333332,0.0,0.0,0.0,0.0
28-09-2024 05:00,41.556666666666665,0.0,32.8,27.1855,4.473833333333333,144.04183333333333,9.839166666666667,6.162333333333334,8.080499999999999,65.13983333333333,15.821499999999999,9.215,7.284000000000001,12.139666666666667,9.215,3.3901666666666666,-0.050499999999999996,0.729,0.7795000000000001,2.4016666666666664,4.496833333333333,145.06816666666666,9.8485,6.189333333333334,0.3235,1.8671666666666666,411.12016666666665,3.805833333333333,1.155,0.0,0.0,0.0,0.0
28-09-2024 06:00,51.631499999999996,0.0,34.1335,26.954833333333333,5.427499999999999,125.70383333333332,8.745000000000001,7.1725,10.606333333333334,67.623,16.420333333333335,10.322333333333335,7.864333333333334,12.948,10.322333333333335,3.3435,0.04483333333333333,1.2278333333333333,1.183,2.5716666666666668,5.441666666666666,125.9625,8.937166666666666,7.250666666666667,0.323,1.8641666666666667,410.1623333333334,3.9955,1.2463333333333333,0.0,0.0,0.0,0.0
28-09-2024 07:00,40.2145,0.0,34.715,26.638333333333332,5.8355,116.54183333333334,8.490333333333334,7.745,8.359833333333334,67.14916666666666,16.777333333333335,10.578666666666667,7.990666666666667,13.219833333333334,10.578666666666667,3.5043333333333333,0.3938333333333333,1.2473333333333334,0.853,2.9964999999999997,5.831166666666666,116.51416666666667,8.931166666666666,7.835666666666667,0.3235,1.8619999999999999,409.58466666666664,4.011166666666666,1.269,0.0,0.0,0.0,0.0
28-09-2024 08:00,44.24483333333333,0.0,36.7795,26.951999999999998,5.401166666666667,133.51783333333333,9.606666666666666,7.349333333333333,9.329666666666666,68.40966666666667,16.778833333333335,10.874,8.150833333333333,13.363833333333334,10.874,3.6071666666666666,0.5938333333333333,2.0723333333333334,1.4780000000000002,2.352333333333333,5.438833333333333,134.06366666666665,9.777666666666667,7.377666666666667,0.3223333333333333,1.8605000000000003,409.22316666666666,4.195666666666667,1.2923333333333333,0.0,0.0,0.0,0.0
28-09-2024 09:00,47.06322033898305,0.0,36.34372881355932,27.893220338983053,5.2028813559322025,143.31694915254238,10.261355932203388,7.277796610169491,10.46915254237288,68.80338983050848,17.10593220338983,11.274915254237289,8.369661016949152,13.701864406779661,11.274915254237289,3.325084745762712,0.7084745762711864,2.8883050847457628,2.1805084745762713,2.6105084745762714,5.226779661016949,144.08677966101698,10.159322033898304,7.35135593220339,0.32169491525423727,1.86,408.8981355932204,4.180847457627119,1.3283050847457627,0.0,0.0,0.0,0.0
28-09-2024 10:00,49.243,0.0,35.2245,28.397833333333335,5.691,139.62683333333334,10.081166666666666,7.763333333333334,11.818166666666666,64.2025,17.9815,11.06,8.253333333333334,13.946499999999999,11.06,3.3943333333333334,1.9641666666666666,6.741,4.789,1.1851666666666667,5.694333333333334,140.13383333333334,10.054166666666667,7.732833333333334,0.3235,1.86,409.1311666666667,4.089166666666666,1.311,0.0,0.0,0.0,0.0
28-09-2024 11:00,44.42766666666667,0.0,33.681333333333335,28.4225,5.621666666666667,138.31216666666666,10.280833333333334,7.7476666666666665,11.31,66.1615,17.621333333333332,11.174833333333334,8.3135,13.859,11.174833333333334,3.381333333333333,1.1784999999999999,3.629166666666667,2.4516666666666667,2.8036666666666665,5.624833333333333,139.01416666666668,10.204333333333333,7.718500000000001,0.32316666666666666,1.86,408.9475,4.124666666666667,1.3168333333333335,0.0,0.0,0.0,0.0
28-09-2024 12:00,41.95933333333333,0.0,31.540000000000003,28.26383333333333,4.9495000000000005,144.03533333333334,10.271833333333332,6.650666666666667,11.738166666666666,63.852666666666664,18.24116666666667,11.219666666666665,8.344,14.121,11.219666666666665,3.4579999999999997,1.1845,3.2863333333333333,2.1033333333333335,2.5091666666666668,5.0195,144.7715,10.09,6.706,0.322,1.86,408.4286666666667,4.1585,1.3218333333333334,0.0,0.0,0.0,0.0
28-09-2024 13:00,52.607796610169494,0.0,31.275254237288134,28.280169491525424,5.4620338983050845,123.5677966101695,9.919661016949153,7.364576271186441,12.055762711864405,65.60491525423728,18.27762711864407,11.62949152542373,8.574745762711865,14.345423728813559,11.62949152542373,3.491864406779661,0.6542372881355932,2.396271186440678,1.7410169491525425,2.52864406779661,5.457457627118644,123.8464406779661,10.046779661016949,7.4733898305084745,0.32186440677966105,1.8598305084745763,408.8040677966101,4.245084745762712,1.3640677966101695,0.0,0.0,0.0,0.0
28-09-2024 14:00,37.79533333333333,0.0,31.580666666666666,27.917666666666666,5.133,121.30083333333333,9.011666666666667,6.801666666666667,7.358333333333333,68.06216666666667,17.847166666666666,11.819666666666667,8.684500000000002,14.284500000000001,11.819666666666667,3.506666666666667,1.1643333333333332,4.769833333333334,3.6071666666666666,1.9251666666666667,5.1514999999999995,121.43583333333332,9.318333333333333,6.881833333333333,0.3221666666666667,1.8595000000000002,408.8191666666667,4.341166666666666,1.3775000000000002,0.0,0.0,0.0,0.0
28-09-2024 15:00,41.088499999999996,0.0,31.654999999999998,27.499833333333335,3.5900000000000003,131.56183333333334,10.482666666666667,4.882499999999999,7.2379999999999995,76.45983333333334,16.906,12.665833333333333,9.186666666666667,14.383166666666666,12.665833333333333,3.6776666666666666,0.8931666666666666,2.9803333333333333,2.0886666666666667,2.5973333333333333,3.5785,132.67466666666667,10.746333333333332,4.881666666666666,0.3215,1.8585,408.1578333333334,4.579833333333334,1.4653333333333334,0.0,0.0,0.0,0.0
28-09-2024 16:00,48.143166666666666,0.0,31.0025,27.448666666666668,4.352,130.94783333333334,9.908166666666666,6.012,10.286,72.22933333333334,17.352833333333333,12.251,8.934166666666666,14.327166666666667,12.251,3.567,1.2446666666666668,4.187333333333333,2.9426666666666668,2.8463333333333334,4.330333333333333,131.673,10.025,5.926166666666666,0.32183333333333336,1.8591666666666669,409.308,4.458666666666667,1.4208333333333334,0.0,0.0,0.0,0.0
28-09-2024 17:00,46.52366666666667,0.0,31.689833333333336,27.07,4.594166666666666,127.69616666666667,9.193666666666667,6.200666666666667,11.319333333333333,69.54866666666666,17.615166666666667,11.927,8.747000000000002,14.256666666666666,11.927,3.716666666666667,0.8515,1.9151666666666667,1.0646666666666667,2.9035,4.5665000000000004,128.51766666666668,9.4195,6.197,0.3215,1.86,409.6111666666667,4.311833333333333,1.3895000000000002,0.0,0.0,0.0,0.0
28-09-2024 18:00,57.600833333333334,0.0,34.95883333333334,26.984666666666666,4.966666666666667,121.86483333333334,8.998833333333332,6.6155,8.360833333333334,72.3155,17.47533333333333,12.385166666666667,9.016333333333334,14.445500000000001,12.385166666666667,3.5665,0.3605,1.6661666666666666,1.3058333333333332,2.8491666666666666,4.9575,122.1685,9.299666666666667,6.6738333333333335,0.3215,1.8606666666666667,409.40116666666665,4.4110000000000005,1.438,0.0,0.0,0.0,0.0
28-09-2024 19:00,39.66116666666667,0.0033333333333333335,34.42516666666667,26.6795,4.9645,94.60766666666667,11.937333333333333,6.932333333333333,8.6855,70.98116666666667,17.314,11.908,8.743666666666666,14.133833333333333,11.908,3.5305000000000004,0.03133333333333334,0.9966666666666666,0.9653333333333334,2.872666666666667,5.056166666666667,93.70516666666667,12.340833333333334,7.204,0.3223333333333333,1.8596666666666668,409.35066666666665,4.251333333333333,1.3943333333333332,0.0,0.0,0.0,0.0
28-09-2024 20:00,51.4864406779661,0.0,34.03016949152542,26.44,5.799830508474576,101.6957627118644,8.384745762711864,7.58271186440678,9.11728813559322,65.06135593220338,18.215254237288136,11.489491525423729,8.493050847457626,14.255423728813561,11.489491525423729,3.5027118644067796,0.18135593220338983,1.2566101694915255,1.0759322033898304,2.445762711864407,5.966101694915254,100.68186440677965,8.741694915254238,7.848305084745763,0.3223728813559322,1.86,409.554406779661,4.110169491525424,1.3420338983050848,0.0,0.0,0.0,0.0
28-09-2024 21:00,50.50383333333333,0.0,32.76133333333333,26.238333333333333,4.234166666666666,98.51533333333333,11.088333333333333,6.0649999999999995,9.727333333333332,66.4225,17.668333333333333,11.2655,8.373833333333334,13.931000000000001,11.2655,3.4661666666666666,0.21733333333333335,0.734,0.5163333333333333,2.510166666666667,4.273,98.06649999999999,11.4565,6.169833333333333,0.32316666666666666,1.864,409.76866666666666,4.067,1.3298333333333334,0.0,0.0,0.0,0.0
28-09-2024 22:00,80.0995,0.0,35.12733333333333,26.257,3.9248333333333334,115.40966666666667,8.209833333333332,5.136,9.548166666666667,69.51216666666667,17.781833333333335,12.078833333333334,8.831,14.400166666666667,12.078833333333334,3.365666666666667,0.2225,1.0918333333333334,0.8703333333333333,2.5944999999999996,3.8956666666666666,115.75966666666666,8.770333333333333,5.1425,0.32266666666666666,1.8605000000000003,409.6188333333333,4.3358333333333325,1.401,0.0,0.0,0.0,0.0
28-09-2024 23:00,66.7425,0.0,37.93933333333334,26.888333333333332,4.875166666666667,115.65433333333334,8.582166666666666,6.4495,11.738,73.977,17.464333333333332,12.705833333333334,9.211,14.622166666666667,12.705833333333334,3.5425,0.23850000000000002,1.0191666666666666,0.7808333333333334,2.807166666666667,4.915666666666667,115.61033333333333,8.908166666666666,6.608333333333333,0.3215,1.8596666666666668,408.7676666666667,4.314666666666667,1.4665,0.0,0.0,0.0,0.0
29-09-2024 00:00,63.76615384615385,0.0,38.36692307692307,27.20230769230769,4.9107692307692306,105.59076923076924,8.433846153846154,6.226153846153846,13.456153846153846,72.93076923076923,17.47769230769231,12.498461538461537,9.092307692307692,14.515384615384615,12.498461538461537,3.5353846153846153,0.33692307692307694,1.0138461538461538,0.6776923076923077,1.7184615384615385,4.944615384615385,104.92538461538462,9.00923076923077,6.587692307692308,0.3215384615384615,1.8599999999999999,408.67461538461544,4.430769230769231,1.4423076923076923,0.0,0.0,0.0,0.0
29-09-2024 01:00,64.32305084745762,0.0,35.70762711864407,27.029322033898307,4.393220338983051,105.99372881355933,8.49406779661017,5.769491525423728,12.893898305084745,74.06559322033898,17.77491525423729,13.040338983050848,9.417796610169491,14.923220338983052,13.040338983050848,3.470508474576271,0.013389830508474579,0.7762711864406779,0.7630508474576272,2.66,4.43406779661017,105.2813559322034,8.993559322033898,5.890169491525423,0.3222033898305085,1.8601694915254237,408.42169491525425,5.114576271186441,1.4976271186440677,0.0,0.0,0.0,0.0
29-09-2024 02:00,60.92266666666667,0.0033333333333333335,36.26383333333333,26.797833333333333,4.753833333333334,106.17283333333333,8.476166666666666,6.2058333333333335,11.768833333333333,77.18466666666667,17.455499999999997,13.365,9.6205,14.988666666666667,13.365,3.7315,0.12383333333333332,0.9371666666666667,0.8141666666666667,2.9036666666666666,4.828,105.66916666666665,9.024000000000001,6.388166666666667,0.3206666666666667,1.8593333333333333,408.269,4.6001666666666665,1.5368333333333335,0.0,0.0,0.0,0.0
29-09-2024 03:00,60.5235,0.0,36.84683333333333,26.904333333333334,4.8468333333333335,115.3235,7.873166666666666,6.267333333333334,11.475999999999999,76.3465,17.633166666666668,13.375666666666666,9.628166666666665,15.061,13.375666666666666,3.8861666666666665,0.12016666666666667,0.9016666666666667,0.7828333333333333,2.877333333333333,4.816666666666666,115.441,8.440166666666666,6.334666666666666,0.32133333333333336,1.8578333333333332,408.17333333333335,4.3865,1.5331666666666666,0.0,0.0,0.0,0.0
29-09-2024 04:00,59.40783333333333,0.0,38.193,27.35233333333333,4.486666666666666,123.903,8.767,5.880833333333333,16.995833333333334,84.31733333333334,16.861166666666666,14.150833333333333,10.129166666666666,15.216333333333333,14.150833333333333,3.682166666666667,0.1035,0.9281666666666666,0.8258333333333333,2.7715,4.458,124.50716666666668,9.042166666666667,5.893666666666666,0.32083333333333336,1.857,407.6066666666667,4.415166666666667,1.6233333333333335,0.0,0.0,0.0,0.0
29-09-2024 05:00,54.305,0.0,36.6135,26.943499999999997,3.652333333333333,95.49050000000001,14.078333333333335,5.242999999999999,18.17233333333333,83.65066666666667,17.13,14.285666666666666,10.216000000000001,15.399166666666668,14.285666666666666,3.6963333333333335,0.221,0.8498333333333333,0.6278333333333334,3.071833333333333,3.632166666666667,94.9315,14.437833333333334,5.338833333333333,0.3205,1.856,407.6605,4.303833333333333,1.6353333333333333,0.0,0.0,0.0,0.0
29-09-2024 06:00,57.7535,0.0,38.48916666666666,27.18616666666667,4.494166666666667,111.1455,8.049,5.808333333333334,11.885333333333334,82.73283333333333,17.63,14.612,10.4445,15.773833333333332,14.612,3.9263333333333335,2.133666666666667,9.374666666666666,7.253,0.6811666666666667,4.494833333333333,110.97683333333333,8.5585,5.886333333333334,0.32016666666666665,1.8506666666666667,407.474,4.297,1.6656666666666666,0.0,0.0,0.0,0.0
29-09-2024 07:00,40.907000000000004,0.006666666666666667,33.9665,26.997333333333334,4.756166666666667,102.62349999999999,9.2905,6.252666666666667,12.152166666666666,84.34016666666666,17.69183333333333,14.964166666666667,10.691166666666668,16.012999999999998,14.964166666666667,3.6868333333333334,0.3451666666666667,1.3816666666666668,1.0361666666666667,3.165,4.795333333333334,101.96000000000001,9.774166666666668,6.4351666666666665,0.32016666666666665,1.8516666666666668,406.57916666666665,4.339666666666667,1.7098333333333333,0.0,0.0,0.0,0.0
29-09-2024 08:00,38.10916666666667,0.006666666666666667,33.67283333333333,26.953833333333332,3.215333333333333,94.69983333333333,11.0115,4.4085,11.969333333333333,90.16866666666667,17.5095,15.831666666666667,11.308,16.468666666666667,15.831666666666667,3.57,0.5263333333333333,1.774,1.2478333333333333,3.0933333333333333,3.220833333333333,93.95166666666667,11.606666666666666,4.499833333333333,0.32083333333333336,1.8548333333333333,405.8428333333333,4.486666666666666,1.8043333333333333,0.0,0.0,0.0,0.0
29-09-2024 09:00,41.1145,0.0033333333333333335,33.13133333333334,27.425666666666665,3.153833333333333,103.78666666666666,9.704,4.112666666666667,11.577833333333333,88.12316666666668,18.211000000000002,16.165333333333333,11.5585,16.9265,16.165333333333333,3.6936666666666667,0.5723333333333334,2.4626666666666663,1.8880000000000001,2.98,3.1621666666666663,103.2615,10.199333333333334,4.152833333333334,0.31966666666666665,1.85,405.6325,4.552499999999999,1.839,0.0,0.0,0.0,0.0
29-09-2024 10:00,36.559666666666665,0.0,33.861333333333334,27.570833333333333,3.8393333333333333,95.575,10.485666666666667,5.1723333333333334,8.963166666666666,88.40633333333334,18.502666666666666,16.4935,11.806999999999999,17.239833333333333,16.4935,3.8209999999999997,0.5528333333333334,2.0483333333333333,1.4955,3.4113333333333333,3.8926666666666665,94.5985,11.111333333333333,5.337000000000001,0.31966666666666665,1.8491666666666666,405.1503333333333,4.640833333333333,1.8796666666666666,0.0,0.0,0.0,0.0
29-09-2024 11:00,48.030499999999996,0.0,33.47416666666667,28.042333333333332,3.1015,92.53649999999999,14.932666666666668,4.468500000000001,11.840833333333334,84.67916666666666,19.07316666666667,16.381333333333334,11.728833333333334,17.362000000000002,16.381333333333334,3.7441666666666666,0.873,2.771166666666667,1.898,3.242,3.097,91.91066666666667,15.918000000000001,4.549833333333334,0.32016666666666665,1.8488333333333336,405.00699999999995,4.576666666666667,1.8666666666666667,0.0,0.0,0.0,0.0
29-09-2024 12:00,44.277833333333334,0.0,32.833333333333336,28.647666666666666,2.919166666666667,91.33366666666667,14.272333333333334,4.262,15.033999999999999,83.37733333333334,19.497666666666664,16.546833333333336,11.852166666666667,17.612166666666667,16.546833333333336,3.572166666666667,0.6815,2.3601666666666663,1.6796666666666666,3.1098333333333334,2.931,91.13333333333334,14.672166666666667,4.365166666666667,0.31966666666666665,1.8495,404.65133333333335,4.5415,1.889,0.0,0.0,0.0,0.0
29-09-2024 13:00,34.10166666666667,0.0,32.646499999999996,29.21966666666667,3.7948333333333335,96.47816666666667,10.351166666666668,5.183666666666666,11.9965,82.04616666666666,19.612333333333332,16.41133333333333,11.747000000000002,17.56683333333333,16.41133333333333,3.7038333333333333,0.5131666666666667,2.114,1.6005,3.0206666666666666,3.8763333333333336,95.44783333333334,10.9485,5.356833333333333,0.31933333333333336,1.8476666666666666,404.83983333333333,4.4334999999999996,1.8713333333333333,0.0,0.0,0.0,0.0
29-09-2024 14:00,48.328833333333336,0.0,32.35133333333333,29.092333333333332,2.464833333333333,84.09833333333333,18.182166666666667,3.7885,8.215,84.46516666666666,19.407333333333334,16.677,11.950666666666667,17.66016666666667,16.677,3.644833333333333,0.392,1.807,1.4155,2.9675000000000002,2.4571666666666667,82.9975,18.817833333333333,3.8403333333333336,0.31833333333333336,1.846,405.2038333333333,4.482166666666667,1.9081666666666666,0.0,0.0,0.0,0.0
29-09-2024 15:00,49.85433333333334,0.0,32.128166666666665,29.100833333333334,2.7093333333333334,100.59066666666666,10.405,3.614833333333334,10.518833333333333,82.95633333333333,19.770666666666667,16.737000000000002,11.994,17.82133333333333,16.737000000000002,3.6704999999999997,0.32933333333333337,1.9418333333333335,1.6118333333333332,2.9208333333333334,2.707666666666667,99.94133333333333,11.173166666666667,3.694166666666667,0.31966666666666665,1.8443333333333336,404.911,4.4165,1.9095,0.0,0.0,0.0,0.0
29-09-2024 16:00,43.833333333333336,0.0,32.492,28.930166666666665,3.26,95.152,10.804,4.481166666666667,10.847333333333333,86.27533333333334,19.4025,16.994666666666667,12.197833333333334,17.866666666666667,16.994666666666667,3.6726666666666663,0.42283333333333334,1.7558333333333331,1.334,3.068166666666667,3.2790000000000004,94.3225,11.210333333333333,4.578,0.32,1.8451666666666668,405.33716666666663,4.435333333333333,1.9468333333333334,0.0,0.0,0.0,0.0
29-09-2024 17:00,41.557,0.0,32.943666666666665,28.24866666666667,2.7778333333333336,83.6405,16.087666666666667,4.432166666666666,8.139999999999999,88.28566666666667,19.0305,17.001166666666666,12.203666666666667,17.74116666666667,17.001166666666666,3.758166666666667,0.15366666666666667,1.3965,1.2425,3.2680000000000002,2.6925000000000003,83.00450000000001,17.551166666666667,4.5023333333333335,0.3186666666666667,1.8498333333333334,405.8238333333333,4.372833333333333,1.9425,0.0,0.0,0.0,0.0
29-09-2024 18:00,62.7105,0.0,32.9285,27.464,1.38,80.5985,21.517166666666665,2.4781666666666666,5.393,89.52950000000001,18.902166666666666,17.090500000000002,12.287333333333333,17.753333333333334,17.090500000000002,3.8176666666666668,0.48333333333333334,1.925,1.4415,3.0933333333333333,1.2878333333333332,79.46900000000001,24.82133333333333,2.478666666666667,0.3195,1.8491666666666666,407.6831666666667,4.324333333333333,1.9549999999999998,0.0,0.0,0.0,0.0
29-09-2024 19:00,89.44716666666666,0.0,33.143,27.154166666666665,0.7274999999999999,64.75866666666667,25.38083333333333,1.339,9.697000000000001,90.07316666666667,18.796166666666668,17.092166666666667,12.291666666666666,17.704333333333334,17.092166666666667,3.8713333333333333,0.322,2.444666666666667,2.1221666666666668,3.2834999999999996,0.7356666666666667,61.60633333333333,27.365666666666666,1.3891666666666667,0.3203333333333333,1.8523333333333334,410.19783333333334,4.355,1.954,0.0,0.0,0.0,0.0
29-09-2024 20:00,115.97383333333333,0.0,32.7795,26.833166666666667,0.722,78.87133333333333,16.949666666666666,1.0921666666666667,8.775666666666666,89.99050000000001,18.683833333333332,16.977333333333334,12.181166666666666,17.589833333333335,16.977333333333334,3.914833333333333,0.21633333333333335,2.635,2.4186666666666667,2.9055000000000004,0.6788333333333333,76.91133333333333,19.261833333333335,1.0393333333333332,0.31916666666666665,1.858,412.314,4.357666666666666,1.9336666666666666,0.0,0.0,0.0,0.0
29-09-2024 21:00,100.731,0.0,33.26283333333333,26.6795,0.7815,79.41266666666667,20.1065,1.3138333333333334,11.929499999999999,90.44033333333333,18.585666666666665,16.937166666666666,12.171,17.553333333333335,16.937166666666666,4.022833333333334,0.013166666666666665,1.85,1.8375,2.9795000000000003,0.7155,78.2915,22.332333333333334,1.27,0.32,1.8673333333333335,411.2305,4.394166666666666,1.9329999999999998,0.0,0.0,0.0,0.0
29-09-2024 22:00,85.57183333333334,0.0,34.177,26.679333333333332,0.8893333333333333,61.77316666666666,26.347666666666665,1.6936666666666667,11.694833333333333,92.078,18.431166666666666,17.075666666666667,12.272833333333333,17.575499999999998,17.075666666666667,3.848,0.04,1.79,1.7495,2.8651666666666666,0.9291666666666667,59.20133333333333,27.526833333333332,1.7586666666666666,0.3188333333333333,1.8516666666666668,412.783,4.457666666666666,1.9516666666666667,0.0,0.0,0.0,0.0
29-09-2024 23:00,81.36883333333334,0.0,33.981500000000004,26.722666666666665,0.7563333333333334,62.9705,30.1055,1.5421666666666667,12.837,92.62333333333332,18.255999999999997,16.993833333333335,12.194999999999999,17.453333333333333,16.993833333333335,3.774,0.165,1.966,1.8003333333333333,2.7046666666666668,0.7933333333333333,60.41616666666667,31.5,1.6386666666666665,0.31933333333333336,1.8523333333333334,415.5113333333333,4.4543333333333335,1.9398333333333333,0.0,0.0,0.0,0.0
30-09-2024 00:00,48.90416666666667,0.0,32.027499999999996,26.50583333333333,0.8191666666666667,196.77916666666667,18.930833333333332,1.1733333333333333,12.024166666666666,92.90833333333335,17.925,16.714166666666667,11.995,17.1775,16.714166666666667,3.9658333333333338,0.44083333333333335,4.655833333333334,4.2091666666666665,8.188333333333334,0.9141666666666667,196.46333333333334,19.981666666666666,1.3058333333333334,0.31916666666666665,1.9183333333333332,421.49583333333334,4.4725,1.8925,0.0,0.0,0.0,0.0
30-09-2024 01:00,17.970000000000002,0.0,32.2845,26.382166666666667,1.5931666666666666,205.64166666666668,6.571,1.8818333333333332,6.3790000000000004,92.671,17.671499999999998,16.4255,11.757833333333334,16.908,16.4255,4.418833333333334,10.068166666666666,30.305,20.290166666666668,-2.013333333333333,1.6558333333333333,207.80083333333332,6.4175,1.9231666666666667,0.31983333333333336,2.0206666666666666,427.8785,5.145166666666666,1.8736666666666666,0.0,0.0,0.0,0.0
30-09-2024 02:00,67.00283333333333,0.0,34.474666666666664,26.449166666666667,1.7988333333333335,168.05766666666665,10.6025,2.396333333333333,7.347666666666667,93.04333333333334,17.693499999999997,16.503833333333333,11.813833333333333,16.939333333333334,16.503833333333333,4.473,1.9726666666666666,10.990833333333335,9.020000000000001,3.1876666666666664,1.8006666666666669,169.488,10.343833333333333,2.426333333333333,0.3206666666666667,2.025,423.983,4.86,1.881,0.0,0.0,0.0,0.0
30-09-2024 03:00,36.88483333333333,0.0,32.907000000000004,26.566,1.3619999999999999,195.35066666666668,12.353833333333334,1.9246666666666667,6.008666666666667,93.4445,17.76383333333333,16.633333333333333,11.915500000000002,17.068833333333334,16.633333333333333,4.702666666666667,1.9191666666666667,10.401,8.4825,2.330833333333333,1.3646666666666667,197.50716666666668,12.172500000000001,1.9116666666666666,0.32,2.2723333333333335,427.2331666666667,4.702833333333333,1.9009999999999998,0.0,0.0,0.0,0.0
30-09-2024 04:00,22.558305084745765,0.0033898305084745766,34.69338983050847,26.750847457627117,2.011694915254237,190.97135593220338,14.142881355932202,3.0364406779661017,7.7347457627118645,92.59796610169491,17.7571186440678,16.482542372881355,11.8235593220339,16.98949152542373,16.482542372881355,5.178305084745762,0.24305084745762712,6.224237288135593,5.9806779661016956,2.8049152542372884,2.036271186440678,192.9506779661017,14.142881355932202,3.0513559322033896,0.3203389830508475,2.408813559322034,423.5884745762712,4.673050847457627,1.8740677966101693,0.0,0.0,0.0,0.0
30-09-2024 05:00,-2.9579999999999997,0.05,35.440333333333335,26.9045,4.865333333333334,218.53,12.662,6.961166666666667,6.5945,89.8215,16.720333333333333,14.9925,10.717166666666666,15.667666666666667,14.9925,5.939666666666667,0.5356666666666666,8.732833333333334,8.195,1.631,4.931166666666667,218.39383333333333,12.526,6.902,0.3205,2.0436666666666667,421.36716666666666,4.281499999999999,1.7096666666666667,0.0,0.0,0.0,0.0
30-09-2024 06:00,-5.772166666666666,0.013333333333333334,38.180166666666665,26.979499999999998,3.86,210.2525,14.387333333333334,5.9495,-2.27,80.27749999999999,15.733333333333333,12.296333333333333,8.967833333333335,13.723666666666666,12.296333333333333,5.1395,0.8345,7.4995,6.664666666666666,1.6195,3.9069999999999996,210.684,14.0755,5.9030000000000005,0.321,1.9481666666666666,414.0011666666667,3.696166666666667,1.4363333333333332,0.0,0.0,0.0,0.0
30-09-2024 07:00,21.098000000000003,0.0033333333333333335,36.491,26.860500000000002,2.1771666666666665,224.06300000000002,11.541166666666667,2.979833333333333,-2.1061666666666667,81.068,15.882166666666668,12.598166666666666,9.143666666666666,13.950999999999999,12.598166666666666,4.370333333333333,0.9558333333333333,9.428166666666668,8.470333333333334,1.3996666666666668,2.2811666666666666,225.10016666666667,10.795333333333334,3.058,0.32166666666666666,1.9351666666666667,412.76416666666665,3.7266666666666666,1.4665,0.0,0.0,0.0,0.0
30-09-2024 08:00,13.7105,0.0,33.3805,26.4965,3.2768333333333337,296.911,4.349166666666666,3.7636666666666665,0.3801666666666667,81.81283333333334,16.1875,13.025333333333332,9.405666666666667,14.305333333333332,13.025333333333332,4.804,7.088166666666667,23.89,16.80216666666667,1.0311666666666666,3.4828333333333332,296.61966666666666,4.324166666666667,3.9568333333333334,0.32166666666666666,1.9878333333333333,415.77683333333334,3.8885,1.504,0.0,0.0,0.0,0.0
30-09-2024 09:00,6.283666666666666,0.0,32.845,26.8455,3.301,269.9745,7.100333333333333,4.0085,4.724666666666667,75.68133333333334,17.817833333333333,13.406833333333333,9.648833333333332,15.149666666666667,13.406833333333333,5.865833333333333,6.798,17.880333333333333,11.083833333333333,1.2686666666666668,3.6625,270.0891666666667,6.873833333333334,4.416333333333333,0.3215,1.978,411.31266666666664,8.769666666666666,1.5296666666666667,0.0,0.0,0.0,0.0
30-09-2024 10:00,-2.2278333333333338,0.0,32.1315,27.678333333333335,5.991666666666666,229.44516666666667,9.508833333333333,7.668166666666667,4.628,65.09233333333333,19.384166666666665,12.588833333333334,9.143666666666666,15.284500000000001,12.588833333333334,5.517666666666667,2.305333333333333,6.3275,4.022166666666667,4.171166666666667,6.108833333333333,229.17833333333334,9.431666666666667,7.7681666666666676,0.32133333333333336,1.9385000000000001,411.314,8.601166666666668,1.4438333333333333,0.0,0.0,0.0,0.0
30-09-2024 11:00,17.938499999999998,0.0,31.350166666666667,28.375833333333333,5.0395,196.79966666666667,14.605333333333334,7.696333333333333,5.446333333333333,62.842666666666666,20.0025,12.652333333333333,9.185166666666667,15.550666666666666,12.652333333333333,4.2396666666666665,1.2336666666666667,4.649500000000001,3.4155,4.297333333333333,5.108833333333333,196.31033333333335,14.364166666666668,7.769,0.321,1.9198333333333333,410.7083333333333,7.587,1.456,0.0,0.0,0.0,0.0
30-09-2024 12:00,25.368166666666664,0.0,31.394000000000002,28.505166666666664,5.6,196.45433333333332,13.275333333333332,8.373333333333333,6.879833333333334,75.2495,18.4815,13.913,9.980833333333333,15.689166666666667,13.913,3.7008333333333336,0.5066666666666666,2.6771666666666665,2.170666666666667,4.6241666666666665,5.645333333333332,195.821,13.0695,8.391166666666667,0.32116666666666666,1.8773333333333333,405.5051666666667,7.317166666666666,1.593,0.0,0.0,0.0,0.0
30-09-2024 13:00,18.372833333333332,0.0,31.639666666666667,28.58,5.593,192.28033333333332,13.616166666666667,8.334333333333333,11.1995,68.44883333333334,19.470833333333335,13.454,9.686166666666667,15.793333333333333,13.454,3.6123333333333334,0.8478333333333333,3.0391666666666666,2.191333333333333,4.510166666666667,5.6715,191.5476666666667,13.408666666666667,8.435833333333333,0.32116666666666666,1.8763333333333334,406.00933333333336,6.3985,1.5418333333333334,0.0,0.0,0.0,0.0
30-09-2024 14:00,25.240333333333336,0.0033333333333333335,31.567166666666665,28.892166666666665,6.174499999999999,188.32816666666668,13.075666666666667,8.836500000000001,8.567833333333335,71.69533333333334,19.409666666666666,14.105166666666666,10.104999999999999,16.130166666666668,14.105166666666666,3.5469999999999997,0.45099999999999996,2.435166666666667,1.9838333333333333,4.505833333333333,6.359166666666667,187.63016666666667,12.853333333333333,9.222166666666668,0.3205,1.8733333333333335,405.76149999999996,6.144333333333333,1.6096666666666666,0.0,0.0,0.0,0.0
30-09-2024 15:00,22.238833333333332,0.0,31.382833333333334,28.814,5.9125,184.647,12.982166666666666,8.610333333333333,11.420166666666667,70.50466666666667,19.14966666666667,13.608666666666666,9.779833333333332,15.755333333333335,13.608666666666666,3.6555000000000004,0.45866666666666667,2.408666666666667,1.9495,4.008166666666667,6.129666666666667,183.94500000000002,12.625166666666667,8.921833333333332,0.32083333333333336,1.8711666666666669,406.5725,5.603166666666667,1.556,0.0,0.0,0.0,0.0
30-09-2024 16:00,22.624000000000002,0.0,33.04266666666667,28.747666666666664,5.851166666666667,180.40466666666669,11.906333333333333,8.272166666666667,10.026666666666667,69.34866666666667,18.69,12.923666666666666,9.3515,15.208166666666667,12.923666666666666,3.5083333333333333,0.45749999999999996,2.4193333333333333,1.9625,3.5705,6.097666666666667,180.0095,11.642833333333334,8.642666666666667,0.321,1.8725,407.361,5.075166666666666,1.4845,0.0,0.0,0.0,0.0
30-09-2024 17:00,26.141000000000002,0.0,32.51833333333333,28.587,5.011333333333334,178.74316666666667,12.474166666666667,7.149333333333333,6.638999999999999,69.3605,18.002,12.263166666666667,8.943333333333333,14.583333333333334,12.263166666666667,3.466,0.4088333333333333,2.1775,1.7685,3.0805000000000002,5.1935,178.512,11.973666666666666,7.4495000000000005,0.3221666666666667,1.8736666666666666,408.15,4.687333333333333,1.4221666666666666,0.0,0.0,0.0,0.0
30-09-2024 18:00,27.134666666666664,0.0,32.851166666666664,27.9305,3.9856666666666665,174.7795,12.477833333333333,5.813833333333333,5.3084999999999996,69.19800000000001,17.67233333333333,11.912,8.724333333333334,14.275666666666666,11.912,3.4459999999999997,-0.05383333333333333,1.8176666666666668,1.8715000000000002,2.9655,4.1525,174.85366666666667,11.8995,6.091166666666667,0.32166666666666666,1.8741666666666668,408.9386666666667,4.392333333333334,1.3866666666666667,0.0,0.0,0.0,0.0
30-09-2024 19:00,26.211166666666667,0.0,36.868500000000004,27.895500000000002,3.8913333333333333,171.6281666666667,11.961,5.429166666666666,4.103166666666667,68.17916666666666,17.532500000000002,11.550666666666666,8.536833333333334,14.028333333333334,11.551166666666665,3.4795000000000003,0.38066666666666665,4.221666666666667,3.844,1.2798333333333334,4.094666666666667,172.02266666666668,11.414666666666667,5.704,0.32166666666666666,1.8730000000000002,409.53133333333335,4.180833333333333,1.3530000000000002,0.0,0.0,0.0,0.0
30-09-2024 20:00,24.9005,0.0,37.1305,27.825,3.8386666666666667,167.72866666666667,12.020000000000001,5.359,5.783666666666666,67.77983333333333,17.450833333333332,11.389666666666667,8.434833333333334,13.906166666666667,11.389666666666667,3.405333333333333,0.14233333333333334,1.4403333333333335,1.2973333333333334,2.7675,4.013333333333334,168.42333333333332,11.558333333333334,5.615166666666667,0.3225,1.8715000000000002,409.33700000000005,4.014833333333333,1.3373333333333335,0.0,0.0,0.0,0.0
30-09-2024 21:00,24.637333333333334,0.0,36.178666666666665,27.450333333333333,2.9818333333333333,170.214,10.718333333333334,4.1415,9.124333333333334,67.61966666666666,17.063499999999998,10.9845,8.209333333333333,13.537333333333333,10.9845,3.365666666666667,0.08800000000000001,1.1576666666666666,1.0693333333333332,2.6993333333333336,3.128833333333333,171.34633333333335,10.332833333333333,4.373500000000001,0.32183333333333336,1.8738333333333335,409.803,3.9194999999999998,1.3026666666666666,0.0,0.0,0.0,0.0
30-09-2024 22:00,27.48483333333333,0.0,37.50416666666667,27.129,2.2478333333333333,181.11599999999999,12.300333333333333,3.1605,7.304333333333333,68.78066666666668,16.832833333333333,11.0205,8.236166666666668,13.467833333333335,11.0205,3.6026666666666665,0.04933333333333333,1.7145000000000001,1.6664999999999999,2.408333333333333,2.3263333333333334,181.73583333333332,11.712666666666667,3.2265,0.32283333333333336,1.8941666666666666,410.372,3.8665000000000003,1.3063333333333336,0.0,0.0,0.0,0.0
30-09-2024 23:00,34.5875,0.0,38.48383333333334,26.903333333333332,2.4018333333333337,226.69183333333334,9.9815,3.1550000000000002,4.1593333333333335,73.16583333333332,16.086333333333336,11.192,8.331,13.269,11.1915,4.201333333333333,1.5645,12.947000000000001,11.378166666666665,0.6895,2.594333333333333,227.69216666666668,9.520833333333334,3.3991666666666664,0.32266666666666666,1.9729999999999999,415.74666666666667,3.8421666666666665,1.3279999999999998,0.0,0.0,0.0,0.0
